id,name_ja,name_en,local_name,ingredient_family,base_ingredients,form,shape,processing,cooking_method,fermented,texture,region,country_area,served_with,staple_level,search_keywords,similar_foods,notes,source_url,confidence,review_status,production_volume_note,price_level,cultivation_ease,satiety_level,calories_kcal_per_100g,calorie_basis,deliciousness_level,sweetness_level,taste_profile,storage_duration,storage_method,popularity_level,metrics_source_url,metrics_confidence,metrics_note
1,ご飯,Cooked rice,,grain,rice,grain dish,粒状,精米,炊く,false,ふっくら/粒状,East Asia,"Japan, Korea, China, Southeast Asia","おかず, 汁物",primary_staple,"米,ごはん,炊く,粒,アジア","粥,ビリヤニ,リゾット",米を炊いた最も基本的な主食形態,https://www.fao.org/4/U8480E/U8480E07.htm,0.9,starter,very_high_global_crop; see FAOSTAT,medium,medium,high,130,cooked,subjective_medium_high,low,mild,short_prepared,eat fresh or refrigerate cooked portions,high_regional,https://fdc.nal.usda.gov/; https://www.fao.org/faostat/; https://www.fao.org/giews/food-prices/price-tool/en/,0.45,"Coarse starter estimate. Verify calories, prices, production and storage before product use."
2,粥,Rice porridge,Congee/Jook,grain,rice,porridge,粥,精米,煮る,false,柔らかい/とろみ,East Asia,"China, Japan, Korea, Southeast Asia","漬物, 肉, 魚, 薬味",primary_or_secondary,"米,粥,煮る,中国,朝食","ご飯,カーシャ",中国では日常的な主食・朝食としても扱われる,https://www.meiji.co.jp/meiji-shokuiku/worldculture/staplefood/,0.88,starter,very_high_global_crop; see FAOSTAT,medium,medium,medium,80,cooked porridge average,subjective_medium_high,low,mild,short_prepared,eat fresh or refrigerate cooked portions,high_regional,https://fdc.nal.usda.gov/; https://www.fao.org/faostat/; https://www.fao.org/giews/food-prices/price-tool/en/,0.45,"Coarse starter estimate. Verify calories, prices, production and storage before product use."
3,フォー,Pho noodles,Phở,grain,rice,noodle,平麺,"米粉化, 成形",茹でる,false,つるつる,Southeast Asia,Vietnam,"スープ, 肉, 香草",primary_staple,"米,麺,平麺,ベトナム,スープ","ブン,米粉麺",ベトナムの米麺。明治ページでも米の加工例として紹介,https://www.meiji.co.jp/meiji-shokuiku/worldculture/staplefood/,0.92,starter,very_high_global_crop; see FAOSTAT,medium,medium,medium,150,cooked noodle/pasta average,subjective_medium_high,low,mild,short_prepared,eat fresh or refrigerate cooked portions,high_regional,https://fdc.nal.usda.gov/; https://www.fao.org/faostat/; https://www.fao.org/giews/food-prices/price-tool/en/,0.45,"Coarse starter estimate. Verify calories, prices, production and storage before product use."
4,ブン,Rice vermicelli,Bún,grain,rice,noodle,細麺,"米粉化, 成形",茹でる,false,つるつる/軽い,Southeast Asia,Vietnam,"汁, 肉, 野菜, ヌクチャム",primary_or_common,"米,細麺,ベトナム,ブン","フォー,米粉麺",米から作る丸い細麺,https://www.meiji.co.jp/meiji-shokuiku/worldculture/staplefood/,0.86,starter,very_high_global_crop; see FAOSTAT,medium,medium,medium,150,cooked noodle/pasta average,subjective_medium_high,low,mild,short_prepared,eat fresh or refrigerate cooked portions,high_regional,https://fdc.nal.usda.gov/; https://www.fao.org/faostat/; https://www.fao.org/giews/food-prices/price-tool/en/,0.45,"Coarse starter estimate. Verify calories, prices, production and storage before product use."
5,ライスペーパー,Rice paper,Bánh tráng,grain,rice,sheet,薄いシート,"米粉化, 薄く伸ばす, 乾燥",戻す/巻く,false,薄い/もちっと,Southeast Asia,Vietnam,"野菜, 肉, 魚介を巻く",common_side,"米,シート,薄い,巻く,ベトナム","トルティーヤ,春巻きの皮",米を薄く伸ばして乾燥した食品,https://www.meiji.co.jp/meiji-shokuiku/worldculture/staplefood/,0.84,starter,very_high_global_crop; see FAOSTAT,medium,medium,medium,130,cooked,subjective_medium,low,mild,short_prepared,eat fresh or refrigerate cooked portions,regional,https://fdc.nal.usda.gov/; https://www.fao.org/faostat/; https://www.fao.org/giews/food-prices/price-tool/en/,0.45,"Coarse starter estimate. Verify calories, prices, production and storage before product use."
6,餅,Mochi,,grain,glutinous rice,pounded cake,塊/団子,搗く,焼く/煮る/蒸す,false,もちもち/粘る,East Asia,Japan,"醤油, あん, 汁物",secondary_or_ritual,"米,もち米,搗く,もちもち,日本","年糕,トック",もち米を搗いて作る主食・行事食,https://www.fao.org/4/U8480E/U8480E07.htm,0.74,starter,very_high_global_crop; see FAOSTAT,medium,medium,high,130,cooked,subjective_medium,low,"mild, toasty",short_prepared,eat fresh or refrigerate cooked portions,regional,https://fdc.nal.usda.gov/; https://www.fao.org/faostat/; https://www.fao.org/giews/food-prices/price-tool/en/,0.45,"Coarse starter estimate. Verify calories, prices, production and storage before product use."
7,ビリヤニ,Biryani,Biryani,grain,rice,seasoned rice dish,粒状,香辛料調理,炊く/蒸す,false,パラパラ/香り,South Asia,"India, Pakistan, Bangladesh","肉, 野菜, ライタ",primary_or_special,"米,スパイス,南アジア,炊き込み","プラオ,ピラフ",米料理の代表的な主食の一つ,https://en.wikipedia.org/wiki/Staple_food,0.7,starter,very_high_global_crop; see FAOSTAT,medium,medium,high,130,cooked,subjective_medium_high,low,spiced,short_prepared,eat fresh or refrigerate cooked portions,high_regional,https://fdc.nal.usda.gov/; https://www.fao.org/faostat/; https://www.fao.org/giews/food-prices/price-tool/en/,0.45,"Coarse starter estimate. Verify calories, prices, production and storage before product use."
8,リゾット,Risotto,Risotto,grain,rice,rice dish,粒状/クリーミー,"炒める, 煮る",煮る,false,クリーミー,Europe,Italy,"チーズ, 野菜, 肉, 魚介",secondary_or_common,"米,イタリア,クリーミー,煮る","ピラフ,パエリア",イタリアの米料理,https://en.wikipedia.org/wiki/Staple_food,0.65,starter,very_high_global_crop; see FAOSTAT,medium,medium,high,130,cooked,subjective_medium,low,mild,short_prepared,eat fresh or refrigerate cooked portions,regional,https://fdc.nal.usda.gov/; https://www.fao.org/faostat/; https://www.fao.org/giews/food-prices/price-tool/en/,0.45,"Coarse starter estimate. Verify calories, prices, production and storage before product use."
9,パエリア,Paella,Paella,grain,rice,rice dish,粒状,"炒める, 炊く",炊く/焼く,false,パラパラ,Europe,Spain,"魚介, 肉, 野菜",common_or_festive,"米,スペイン,魚介,鍋","ビリヤニ,ピラフ",スペインの米料理,https://en.wikipedia.org/wiki/Staple_food,0.65,starter,very_high_global_crop; see FAOSTAT,medium,medium,high,130,cooked,subjective_medium,low,"mild, toasty",short_prepared,eat fresh or refrigerate cooked portions,regional,https://fdc.nal.usda.gov/; https://www.fao.org/faostat/; https://www.fao.org/giews/food-prices/price-tool/en/,0.45,"Coarse starter estimate. Verify calories, prices, production and storage before product use."
10,イドゥリ,Idli,Idli,grain_legume,"rice, urad dal",steamed cake,丸いケーキ,"浸水, 挽く, 発酵",蒸す,true,ふわふわ/酸味少し,South Asia,"South India, Sri Lanka","サンバル, チャツネ",primary_breakfast,"米,豆,発酵,蒸す,南インド","ドーサ,アッパム",米と豆の発酵生地を蒸した主食・朝食,https://en.wikipedia.org/wiki/Staple_food,0.68,starter,very_high_global_crop; see FAOSTAT,medium,medium,high,130,cooked,subjective_medium_high,low,"fermented, sour",short_prepared,eat fresh or refrigerate cooked portions,high_regional,https://fdc.nal.usda.gov/; https://www.fao.org/faostat/; https://www.fao.org/giews/food-prices/price-tool/en/,0.45,"Coarse starter estimate. Verify calories, prices, production and storage before product use."
11,ドーサ,Dosa,Dosa,grain_legume,"rice, urad dal",crepe/flatbread,薄焼き,"浸水, 挽く, 発酵",焼く,true,薄い/軽い/酸味,South Asia,"South India, Sri Lanka","サンバル, チャツネ",primary_breakfast,"米,豆,発酵,薄焼き,南インド","イドゥリ,アッパム",発酵生地を薄く焼く,https://en.wikipedia.org/wiki/Staple_food,0.68,starter,very_high_global_crop; see FAOSTAT,medium,medium,medium,230,prepared flatbread average,subjective_medium_high,low,"fermented, sour, toasty",short_to_medium,room temperature short term; freeze for longer storage,high_regional,https://fdc.nal.usda.gov/; https://www.fao.org/faostat/; https://www.fao.org/giews/food-prices/price-tool/en/,0.45,"Coarse starter estimate. Verify calories, prices, production and storage before product use."
12,アッパム,Appam,Appam,grain,"rice, coconut",pancake,薄焼き/中央ふわり,"米粉化, 発酵",焼く,true,縁は薄く中央は柔らかい,South Asia,"South India, Sri Lanka","カレー, ココナッツミルク",primary_or_common,"米,発酵,薄焼き,ココナッツ","ドーサ,イドゥリ",米ベースの発酵パンケーキ,https://en.wikipedia.org/wiki/Staple_food,0.62,starter,very_high_global_crop; see FAOSTAT,medium,medium,medium,230,prepared flatbread average,subjective_medium_high,low,"fermented, toasty",medium,dry grain in airtight container,high_regional,https://fdc.nal.usda.gov/; https://www.fao.org/faostat/; https://www.fao.org/giews/food-prices/price-tool/en/,0.45,"Coarse starter estimate. Verify calories, prices, production and storage before product use."
13,パン,Bread,,grain,"wheat, rye, barley, others",bread,塊/スライス,"製粉, 練る, 発酵",焼く,true,ふわふわ/硬い/多様,Global,"Europe, Middle East, Americas, Global","バター, チーズ, スープ, 肉",primary_staple,"小麦,パン,焼く,発酵","ナン,ロティ,ピタ,バゲット",世界各地の主食。地域により素材・形態が多様,https://www.fao.org/4/U8480E/U8480E07.htm,0.9,starter,very_high_global_crop; see FAOSTAT,low,medium,high,260,prepared bread average,subjective_medium_high,low,"fermented, toasty",short_to_medium,room temperature short term; freeze for longer storage,global_common,https://fdc.nal.usda.gov/; https://www.fao.org/faostat/; https://www.fao.org/giews/food-prices/price-tool/en/,0.45,"Coarse starter estimate. Verify calories, prices, production and storage before product use."
14,フォカッチャ,Focaccia,Focaccia,grain,wheat,flatbread,平たいパン,"製粉, 練る, 発酵",焼く,true,柔らかい/油分,Europe,Italy,"オリーブオイル, ソース",common_side,"小麦,平たいパン,イタリア,焼く","パン,ピタ",明治ページでイタリアのパン例として紹介,https://www.meiji.co.jp/meiji-shokuiku/worldculture/staplefood/,0.86,starter,very_high_global_crop; see FAOSTAT,low,medium,high,260,prepared bread average,subjective_medium,low,"fermented, toasty",short_to_medium,room temperature short term; freeze for longer storage,regional,https://fdc.nal.usda.gov/; https://www.fao.org/faostat/; https://www.fao.org/giews/food-prices/price-tool/en/,0.45,"Coarse starter estimate. Verify calories, prices, production and storage before product use."
15,グリッシーニ,Breadsticks,Grissini,grain,wheat,breadstick,細長い棒状,"製粉, 練る, 発酵",焼く,true,カリッと/細い,Europe,Italy,"前菜, 食事の添え物",common_side,"小麦,棒状,イタリア,パン","パン,クラッカー",明治ページでイタリアのパン例として紹介,https://www.meiji.co.jp/meiji-shokuiku/worldculture/staplefood/,0.85,starter,very_high_global_crop; see FAOSTAT,low,medium,high,260,prepared bread average,subjective_medium,low,"fermented, toasty",short_to_medium,room temperature short term; freeze for longer storage,regional,https://fdc.nal.usda.gov/; https://www.fao.org/faostat/; https://www.fao.org/giews/food-prices/price-tool/en/,0.45,"Coarse starter estimate. Verify calories, prices, production and storage before product use."
16,バゲット,Baguette,Baguette,grain,wheat,bread,細長いパン,"製粉, 練る, 発酵",焼く,true,外は硬い/中は柔らかい,Europe,France,"チーズ, バター, スープ",primary_or_common,"小麦,パン,フランス,細長い","パン,ケニエル",フランスを代表するパン,https://en.wikipedia.org/wiki/Staple_food,0.64,starter,very_high_global_crop; see FAOSTAT,low,medium,high,260,prepared bread average,subjective_medium_high,low,"fermented, toasty",short_to_medium,room temperature short term; freeze for longer storage,high_regional,https://fdc.nal.usda.gov/; https://www.fao.org/faostat/; https://www.fao.org/giews/food-prices/price-tool/en/,0.45,"Coarse starter estimate. Verify calories, prices, production and storage before product use."
17,ライ麦パン,Rye bread,Rugbrød/Rye bread,grain,rye,bread,塊/スライス,"製粉, 発酵",焼く,true,密度高い/酸味,Europe,"Nordic, Baltic, Eastern Europe","バター, 魚, チーズ",primary_staple,"ライ麦,パン,北欧,酸味","パン,カーシャ",北欧・東欧などで主食性が高い,https://en.wikipedia.org/wiki/Staple_food,0.67,starter,temperate_cereal; see FAOSTAT,medium,medium,high,260,prepared bread average,subjective_medium_high,low,"fermented, sour, toasty",short_to_medium,room temperature short term; freeze for longer storage,high_regional,https://fdc.nal.usda.gov/; https://www.fao.org/faostat/; https://www.fao.org/giews/food-prices/price-tool/en/,0.45,"Coarse starter estimate. Verify calories, prices, production and storage before product use."
18,ケニエル,Hungarian bread,Kenyér,grain,wheat,bread,大きいパン,"製粉, 練る, 発酵",焼く,true,ふわふわ,Europe,Hungary,"スープ, 肉料理",primary_staple,"小麦,パン,ハンガリー,大きい","パン,バゲット",明治ページでハンガリーの主食パン例として紹介,https://www.meiji.co.jp/meiji-shokuiku/worldculture/staplefood/,0.86,starter,very_high_global_crop; see FAOSTAT,low,medium,high,260,prepared bread average,subjective_medium_high,low,"fermented, toasty",short_to_medium,room temperature short term; freeze for longer storage,high_regional,https://fdc.nal.usda.gov/; https://www.fao.org/faostat/; https://www.fao.org/giews/food-prices/price-tool/en/,0.45,"Coarse starter estimate. Verify calories, prices, production and storage before product use."
19,キフリ,Kifli,Kifli,grain,wheat,roll,三日月形,"製粉, 練る, 発酵",焼く,true,柔らかい,Europe,"Hungary, Central Europe","朝食, 食事の添え物",common_side,"小麦,三日月形,ハンガリー,パン","クロワッサン,ジェムレ",明治ページでハンガリーのパン例として紹介,https://www.meiji.co.jp/meiji-shokuiku/worldculture/staplefood/,0.82,starter,very_high_global_crop; see FAOSTAT,low,medium,medium,260,bread/cooked average,subjective_medium,low,"fermented, toasty",short_prepared,eat fresh or refrigerate cooked portions,regional,https://fdc.nal.usda.gov/; https://www.fao.org/faostat/; https://www.fao.org/giews/food-prices/price-tool/en/,0.45,"Coarse starter estimate. Verify calories, prices, production and storage before product use."
20,ポガーチャ,Pogácsa,Pogácsa,grain,wheat,small bread/scone,丸い小型,"製粉, 練る",焼く,false,さっくり/密度あり,Europe,"Hungary, Balkans","携帯食, 軽食",common_or_travel_food,"小麦,丸い,ハンガリー,携帯食","スコーン,パン",明治ページでハンガリーのパン例として紹介,https://www.meiji.co.jp/meiji-shokuiku/worldculture/staplefood/,0.82,starter,very_high_global_crop; see FAOSTAT,low,medium,high,260,prepared bread average,subjective_medium,low,"mild, toasty",short_to_medium,room temperature short term; freeze for longer storage,regional,https://fdc.nal.usda.gov/; https://www.fao.org/faostat/; https://www.fao.org/giews/food-prices/price-tool/en/,0.45,"Coarse starter estimate. Verify calories, prices, production and storage before product use."
21,ナン,Naan,Naan,grain,wheat,flatbread,楕円/細長い,"製粉, 練る, 発酵",窯焼き/焼く,true,もちっと/柔らかい,South Asia,"North India, Pakistan, Central Asia",カレー,primary_or_common,"小麦,発酵,焼く,インド,パン","ロティ,チャパティ,ピタ",北インドの小麦パン例として明治ページで紹介,https://www.meiji.co.jp/meiji-shokuiku/worldculture/staplefood/,0.9,starter,very_high_global_crop; see FAOSTAT,low,medium,high,260,prepared bread average,subjective_medium_high,low,"fermented, toasty",short_to_medium,room temperature short term; freeze for longer storage,high_regional,https://fdc.nal.usda.gov/; https://www.fao.org/faostat/; https://www.fao.org/giews/food-prices/price-tool/en/,0.45,"Coarse starter estimate. Verify calories, prices, production and storage before product use."
22,チャパティ,Chapati,Chapati,grain,wheat,flatbread,薄焼き,"製粉, 練る",焼く,false,薄い/柔らかい,South Asia,"India, Pakistan, Nepal","カレー, ダル",primary_staple,"小麦,薄焼き,無発酵,インド","ロティ,ナン,プーリー",北インドの主食例として明治ページで紹介,https://www.meiji.co.jp/meiji-shokuiku/worldculture/staplefood/,0.92,starter,very_high_global_crop; see FAOSTAT,low,medium,high,260,prepared bread average,subjective_medium_high,low,"mild, toasty",short_to_medium,room temperature short term; freeze for longer storage,high_regional,https://fdc.nal.usda.gov/; https://www.fao.org/faostat/; https://www.fao.org/giews/food-prices/price-tool/en/,0.45,"Coarse starter estimate. Verify calories, prices, production and storage before product use."
23,ロティ,Roti,Roti,grain,wheat,flatbread,薄焼き,"製粉, 練る",焼く,false,薄い/柔らかい,South Asia/Caribbean,"India, Pakistan, Caribbean","カレー, ダル, 肉料理",primary_staple,"小麦,薄焼き,ロティ,インド","チャパティ,ナン",小麦の薄焼きパンの総称的にも使われる,https://en.wikipedia.org/wiki/Staple_food,0.76,starter,very_high_global_crop; see FAOSTAT,low,medium,high,260,prepared bread average,subjective_medium_high,low,"mild, toasty",short_to_medium,room temperature short term; freeze for longer storage,high_regional,https://fdc.nal.usda.gov/; https://www.fao.org/faostat/; https://www.fao.org/giews/food-prices/price-tool/en/,0.45,"Coarse starter estimate. Verify calories, prices, production and storage before product use."
24,プーリー,Puri,Puri,grain,wheat,fried bread,丸い薄揚げパン,"製粉, 練る",揚げる,false,膨らむ/油分,South Asia,India,"カレー, 豆料理",common_or_festive,"小麦,揚げる,インド,丸い","チャパティ,ロティ",チャパティを油で揚げたものとして明治ページで紹介,https://www.meiji.co.jp/meiji-shokuiku/worldculture/staplefood/,0.88,starter,very_high_global_crop; see FAOSTAT,low,medium,high,260,prepared bread average,subjective_medium,low,mild,short_to_medium,room temperature short term; freeze for longer storage,regional,https://fdc.nal.usda.gov/; https://www.fao.org/faostat/; https://www.fao.org/giews/food-prices/price-tool/en/,0.45,"Coarse starter estimate. Verify calories, prices, production and storage before product use."
25,ピタ,Pita,Pita,grain,wheat,pocket flatbread,丸い薄焼き,"製粉, 練る, 発酵",焼く,true,ポケット状/柔らかい,Middle East/Mediterranean,"Levant, Greece, Middle East","具を挟む, ディップ",primary_or_common,"小麦,中東,平たい,挟む","ラヴァシュ,ナン,トルティーヤ",中東・地中海の薄焼きパン,https://en.wikipedia.org/wiki/Staple_food,0.65,starter,very_high_global_crop; see FAOSTAT,low,medium,high,260,prepared bread average,subjective_medium_high,low,"fermented, toasty",short_to_medium,room temperature short term; freeze for longer storage,high_regional,https://fdc.nal.usda.gov/; https://www.fao.org/faostat/; https://www.fao.org/giews/food-prices/price-tool/en/,0.45,"Coarse starter estimate. Verify calories, prices, production and storage before product use."
26,ラヴァシュ,Lavash,Lavash,grain,wheat,flatbread,非常に薄い,"製粉, 練る",焼く,false,薄い/しなやか,Caucasus/West Asia,"Armenia, Azerbaijan, Iran, Turkey","巻く, 添える",primary_staple,"小麦,薄い,コーカサス,巻く","ピタ,トルティーヤ,ロティ",カフカス周辺の薄いパン,https://en.wikipedia.org/wiki/Staple_food,0.66,starter,very_high_global_crop; see FAOSTAT,low,medium,high,260,prepared bread average,subjective_medium_high,low,"mild, toasty",short_to_medium,room temperature short term; freeze for longer storage,high_regional,https://fdc.nal.usda.gov/; https://www.fao.org/faostat/; https://www.fao.org/giews/food-prices/price-tool/en/,0.45,"Coarse starter estimate. Verify calories, prices, production and storage before product use."
27,パスタ,Pasta,Pasta,grain,durum wheat/wheat,noodle/pasta,多様な麺,"製粉, 練る, 成形, 乾燥",茹でる,false,弾力/アルデンテ,Europe,"Italy, Global","ソース, チーズ",primary_or_common,"小麦,麺,イタリア,茹でる,ソース","うどん,中華麺,クスクス",イタリアの代表的な小麦加工食品。主食はパンとの説明もあり,https://www.meiji.co.jp/meiji-shokuiku/worldculture/staplefood/,0.84,starter,high_global_crop; see FAOSTAT wheat,medium,medium,medium,150,cooked noodle/pasta average,subjective_medium_high,low,mild,short_prepared,eat fresh or refrigerate cooked portions,global_common,https://fdc.nal.usda.gov/; https://www.fao.org/faostat/; https://www.fao.org/giews/food-prices/price-tool/en/,0.45,"Coarse starter estimate. Verify calories, prices, production and storage before product use."
28,うどん,Udon,Udon,grain,wheat,noodle,太麺,"製粉, 練る, 成形",茹でる,false,もちもち/太い,East Asia,Japan,"だし, つゆ, 具材",primary_or_common,"小麦,麺,日本,太い,茹でる","ラーメン,そうめん,パスタ",日本の小麦麺,https://en.wikipedia.org/wiki/Staple_food,0.7,starter,very_high_global_crop; see FAOSTAT,low,medium,medium,150,cooked noodle/pasta average,subjective_medium_high,low,mild,short_prepared,eat fresh or refrigerate cooked portions,high_regional,https://fdc.nal.usda.gov/; https://www.fao.org/faostat/; https://www.fao.org/giews/food-prices/price-tool/en/,0.45,"Coarse starter estimate. Verify calories, prices, production and storage before product use."
29,ラーメン,Ramen,Ramen,grain,wheat,noodle,中華麺,"製粉, かん水, 成形",茹でる,false,弾力/黄色い,East Asia,"Japan, China-derived","スープ, 具材",common_meal,"小麦,麺,スープ,日本,中華麺","うどん,ラグマン",日本では主食的に食べられる麺料理,https://en.wikipedia.org/wiki/Staple_food,0.65,starter,very_high_global_crop; see FAOSTAT,low,medium,medium,150,cooked noodle/pasta average,subjective_medium,low,mild,short_prepared,eat fresh or refrigerate cooked portions,regional,https://fdc.nal.usda.gov/; https://www.fao.org/faostat/; https://www.fao.org/giews/food-prices/price-tool/en/,0.45,"Coarse starter estimate. Verify calories, prices, production and storage before product use."
30,クスクス,Couscous,Couscous,grain,wheat semolina,granule pasta,粒状,セモリナ粒化,蒸す,false,小粒/ほぐれる,North Africa,"Morocco, Algeria, Tunisia","煮込み, 野菜, 肉",primary_staple,"小麦,粒,北アフリカ,蒸す","ブルグル,ポレンタ",北アフリカの代表的な主食,https://en.wikipedia.org/wiki/Staple_food,0.7,starter,very_high_global_crop; see FAOSTAT,low,medium,medium,150,cooked noodle/pasta average,subjective_medium_high,low,mild,short_prepared,eat fresh or refrigerate cooked portions,high_regional,https://fdc.nal.usda.gov/; https://www.fao.org/faostat/; https://www.fao.org/giews/food-prices/price-tool/en/,0.45,"Coarse starter estimate. Verify calories, prices, production and storage before product use."
31,ブルグル,Bulgur,Bulgur,grain,wheat,cracked grain,挽き割り粒,"茹でる, 乾燥, 砕く",戻す/煮る,false,粒状/噛み応え,Middle East,"Turkey, Levant","サラダ, 煮込み",primary_or_common,"小麦,挽き割り,中東,粒","クスクス,カーシャ",加工小麦の主食・副食,https://en.wikipedia.org/wiki/Staple_food,0.6,starter,very_high_global_crop; see FAOSTAT,low,medium,medium,260,bread/cooked average,subjective_medium_high,low,mild,short_prepared,eat fresh or refrigerate cooked portions,high_regional,https://fdc.nal.usda.gov/; https://www.fao.org/faostat/; https://www.fao.org/giews/food-prices/price-tool/en/,0.45,"Coarse starter estimate. Verify calories, prices, production and storage before product use."
32,マントウ,Mantou,Mantou,grain,wheat,steamed bread,丸/楕円の蒸しパン,"製粉, 練る, 発酵",蒸す,true,ふわふわ,East Asia,Northern China,"おかず, スープ",primary_staple,"小麦,蒸しパン,中国北部","饅頭,ナン",中国北部の小麦主食例として明治ページで紹介,https://www.meiji.co.jp/meiji-shokuiku/worldculture/staplefood/,0.89,starter,very_high_global_crop; see FAOSTAT,low,medium,high,260,prepared bread average,subjective_medium_high,low,fermented,short_to_medium,room temperature short term; freeze for longer storage,high_regional,https://fdc.nal.usda.gov/; https://www.fao.org/faostat/; https://www.fao.org/giews/food-prices/price-tool/en/,0.45,"Coarse starter estimate. Verify calories, prices, production and storage before product use."
33,トルティーヤ,Tortilla,Tortilla,grain,maize or wheat,flatbread,薄い円形,"ニシュタマリゼーション/製粉, 練る",焼く,false,薄い/しなやか,Mesoamerica,"Mexico, Central America","具を包む, ソース",primary_staple,"とうもろこし,薄焼き,メキシコ,包む,タコス","ロティ,ピタ,ラヴァシュ",明治ページでメキシコの主食として紹介,https://www.meiji.co.jp/meiji-shokuiku/worldculture/staplefood/,0.93,starter,very_high_global_crop; see FAOSTAT,low,medium_high,high,230,prepared flatbread average,subjective_medium_high,low,"mild, toasty",short_to_medium,room temperature short term; freeze for longer storage,high_regional,https://fdc.nal.usda.gov/; https://www.fao.org/faostat/; https://www.fao.org/giews/food-prices/price-tool/en/,0.45,"Coarse starter estimate. Verify calories, prices, production and storage before product use."
34,タマレス,Tamales,Tamal,grain,maize,steamed dough parcel,包み蒸し,"ニシュタマリゼーション, 練る, 包む",蒸す,false,柔らかい/密度あり,Mesoamerica,"Mexico, Central America","肉, チリ, ソース",primary_or_festive,"とうもろこし,包む,蒸す,メキシコ","トルティーヤ,ププサ",とうもろこし生地を包んで蒸す,https://en.wikipedia.org/wiki/Staple_food,0.64,starter,very_high_global_crop; see FAOSTAT,low,medium_high,medium,110,cooked maize product,subjective_medium_high,low,mild,short_prepared,eat fresh or refrigerate cooked portions,high_regional,https://fdc.nal.usda.gov/; https://www.fao.org/faostat/; https://www.fao.org/giews/food-prices/price-tool/en/,0.45,"Coarse starter estimate. Verify calories, prices, production and storage before product use."
35,アレパ,Arepa,Arepa,grain,maize,corn cake,丸い厚焼き,"製粉, 練る",焼く/揚げる,false,外は焼き目/中は柔らかい,South America,"Venezuela, Colombia","チーズ, 肉, 豆",primary_staple,"とうもろこし,厚焼き,南米,丸い","トルティーヤ,ププサ",南米北部のとうもろこし主食,https://en.wikipedia.org/wiki/Staple_food,0.67,starter,very_high_global_crop; see FAOSTAT,low,medium_high,medium,260,fried prepared food estimate,subjective_medium_high,low,"mild, toasty",long,dry grain/flour airtight,high_regional,https://fdc.nal.usda.gov/; https://www.fao.org/faostat/; https://www.fao.org/giews/food-prices/price-tool/en/,0.45,"Coarse starter estimate. Verify calories, prices, production and storage before product use."
36,ププサ,Pupusa,Pupusa,grain,maize,stuffed flatbread,厚い円形,"製粉, 練る, 詰める",焼く,false,もちっと/具入り,Central America,"El Salvador, Honduras","チーズ, 豆, カーティード",primary_staple,"とうもろこし,具入り,焼く,エルサルバドル","アレパ,トルティーヤ",中米のとうもろこし主食,https://en.wikipedia.org/wiki/Staple_food,0.65,starter,very_high_global_crop; see FAOSTAT,low,medium_high,high,230,prepared flatbread average,subjective_medium_high,low,"mild, toasty",short_to_medium,room temperature short term; freeze for longer storage,high_regional,https://fdc.nal.usda.gov/; https://www.fao.org/faostat/; https://www.fao.org/giews/food-prices/price-tool/en/,0.45,"Coarse starter estimate. Verify calories, prices, production and storage before product use."
37,ポレンタ,Polenta,Polenta,grain,maize,porridge,粥/固めた塊,粗挽き,煮る,false,柔らかい/固められる,Europe,"Italy, Balkans","煮込み, チーズ",primary_or_common,"とうもろこし,粥,イタリア,煮る","グリッツ,ウガリ",とうもろこし粥・固めた主食,https://en.wikipedia.org/wiki/Staple_food,0.65,starter,very_high_global_crop; see FAOSTAT,low,medium_high,medium,80,cooked porridge average,subjective_medium_high,low,mild,short_prepared,eat fresh or refrigerate cooked portions,high_regional,https://fdc.nal.usda.gov/; https://www.fao.org/faostat/; https://www.fao.org/giews/food-prices/price-tool/en/,0.45,"Coarse starter estimate. Verify calories, prices, production and storage before product use."
38,グリッツ,Grits,Grits,grain,maize,porridge,粥,粗挽き,煮る,false,クリーミー/粒状,North America,Southern United States,"バター, チーズ, 卵",common_breakfast,"とうもろこし,粥,アメリカ南部","ポレンタ,ウガリ",米国南部のとうもろこし粥,https://en.wikipedia.org/wiki/Staple_food,0.62,starter,very_high_global_crop; see FAOSTAT,low,medium_high,medium,80,cooked porridge average,subjective_medium,low,mild,short_prepared,eat fresh or refrigerate cooked portions,regional,https://fdc.nal.usda.gov/; https://www.fao.org/faostat/; https://www.fao.org/giews/food-prices/price-tool/en/,0.45,"Coarse starter estimate. Verify calories, prices, production and storage before product use."
39,ウガリ,Ugali,Ugali,grain,"maize, millet, sorghum",stiff porridge,固い粥/塊,製粉,練り煮る,false,硬め/手で取る,Africa,"East Africa, Southern Africa","シチュー, 野菜, 肉",primary_staple,"とうもろこし,固い粥,アフリカ,手で食べる","サザ,フフ,ポレンタ",アフリカ各地の主食的な練り粥,https://en.wikipedia.org/wiki/Staple_food,0.72,starter,very_high_global_crop; see FAOSTAT,low,medium_high,high,80,cooked porridge average,subjective_medium_high,low,mild,short_prepared,eat fresh or refrigerate cooked portions,high_regional,https://fdc.nal.usda.gov/; https://www.fao.org/faostat/; https://www.fao.org/giews/food-prices/price-tool/en/,0.45,"Coarse starter estimate. Verify calories, prices, production and storage before product use."
40,サザ,Sadza,Sadza,grain,maize,stiff porridge,固い粥/塊,製粉,練り煮る,false,硬め,Africa,Zimbabwe,"レリッシュ, 肉, 野菜",primary_staple,"とうもろこし,ジンバブエ,固い粥","ウガリ,パップ",南部アフリカのとうもろこし主食,https://en.wikipedia.org/wiki/Staple_food,0.62,starter,very_high_global_crop; see FAOSTAT,low,medium_high,high,80,cooked porridge average,subjective_medium_high,low,mild,short_prepared,eat fresh or refrigerate cooked portions,high_regional,https://fdc.nal.usda.gov/; https://www.fao.org/faostat/; https://www.fao.org/giews/food-prices/price-tool/en/,0.45,"Coarse starter estimate. Verify calories, prices, production and storage before product use."
41,パップ,Pap,Pap,grain,maize,porridge,粥/塊,製粉,煮る,false,柔らかい〜硬い,Africa,South Africa,"肉, 野菜, ソース",primary_staple,"とうもろこし,南アフリカ,粥","ウガリ,サザ",南アフリカのとうもろこし粥,https://en.wikipedia.org/wiki/Staple_food,0.62,starter,very_high_global_crop; see FAOSTAT,low,medium_high,medium,80,cooked porridge average,subjective_medium_high,low,mild,short_prepared,eat fresh or refrigerate cooked portions,high_regional,https://fdc.nal.usda.gov/; https://www.fao.org/faostat/; https://www.fao.org/giews/food-prices/price-tool/en/,0.45,"Coarse starter estimate. Verify calories, prices, production and storage before product use."
42,バンクー,Banku,Banku,grain_root,"maize, cassava",fermented dough dumpling,団子/塊,"発酵, 練る",練り煮る,true,酸味/もちっと,West Africa,Ghana,"スープ, 魚, ソース",primary_staple,"とうもろこし,キャッサバ,発酵,ガーナ","ケンケ,フフ",明治ページでガーナの主食例として紹介,https://www.meiji.co.jp/meiji-shokuiku/worldculture/staplefood/,0.91,starter,very_high_global_crop; see FAOSTAT,low,medium_high,high,110,cooked maize product,subjective_medium_high,low,"fermented, sour",short_prepared,eat fresh or refrigerate cooked portions,high_regional,https://fdc.nal.usda.gov/; https://www.fao.org/faostat/; https://www.fao.org/giews/food-prices/price-tool/en/,0.45,"Coarse starter estimate. Verify calories, prices, production and storage before product use."
43,ケンケ,Kenkey,Kenkey,grain,maize,fermented dough dumpling,包み団子,"発酵, 練る, 包む",蒸す/煮る,true,酸味/固め,West Africa,Ghana,"魚, ソース",primary_staple,"とうもろこし,発酵,ガーナ,包む",バンクー,明治ページでガーナの主食例として紹介,https://www.meiji.co.jp/meiji-shokuiku/worldculture/staplefood/,0.9,starter,very_high_global_crop; see FAOSTAT,low,medium_high,high,110,cooked maize product,subjective_medium_high,low,"fermented, sour",short_prepared,eat fresh or refrigerate cooked portions,high_regional,https://fdc.nal.usda.gov/; https://www.fao.org/faostat/; https://www.fao.org/giews/food-prices/price-tool/en/,0.45,"Coarse starter estimate. Verify calories, prices, production and storage before product use."
44,インジェラ,Injera,Injera,grain,"teff, sometimes other grains",fermented flatbread,大きい薄焼き,"製粉, 発酵",焼く,true,酸味/スポンジ状,Horn of Africa,"Ethiopia, Eritrea","ワット, シチュー",primary_staple,"テフ,発酵,薄焼き,エチオピア,酸味","ラホーフ,ドーサ",エチオピア・エリトリアの発酵薄焼き主食,https://en.wikipedia.org/wiki/Injera,0.9,starter,regional_cereal; Ethiopia/Eritrea focus,medium_high,medium,high,230,prepared flatbread average,subjective_medium_high,low,"fermented, sour, toasty, nutty",short_to_medium,room temperature short term; freeze for longer storage,high_regional,https://fdc.nal.usda.gov/; https://www.fao.org/faostat/; https://www.fao.org/giews/food-prices/price-tool/en/,0.45,"Coarse starter estimate. Verify calories, prices, production and storage before product use."
45,ラホーフ,Lahoh,Lahoh,grain,"sorghum, wheat, maize",fermented flatbread,薄焼き,"製粉, 発酵",焼く,true,スポンジ状/酸味,Horn of Africa/Arabia,"Somalia, Yemen, Djibouti","シチュー, 蜂蜜, ギー",primary_or_common,"発酵,薄焼き,ソマリア,イエメン","インジェラ,ドーサ",インジェラに近い発酵パン,https://en.wikipedia.org/wiki/Staple_food,0.57,starter,important_dryland_cereal; see FAOSTAT,low,high,high,230,prepared flatbread average,subjective_medium_high,low,"fermented, sour, toasty, nutty",short_to_medium,room temperature short term; freeze for longer storage,high_regional,https://fdc.nal.usda.gov/; https://www.fao.org/faostat/; https://www.fao.org/giews/food-prices/price-tool/en/,0.45,"Coarse starter estimate. Verify calories, prices, production and storage before product use."
46,カーシャ,Kasha,Kasha,grain,"buckwheat, oats, millet, barley, others",porridge,粥/粒状,穀物を煮る,煮る,false,柔らかい/粒状,Eastern Europe,"Russia, Ukraine, Eastern Europe","牛乳, スープ, 肉料理",primary_or_common,"穀物,粥,ロシア,そば,煮る","粥,グリッツ",明治ページでロシアの主食例として紹介,https://www.meiji.co.jp/meiji-shokuiku/worldculture/staplefood/,0.87,starter,regional_pseudocereal,medium,medium,medium,80,cooked porridge average,subjective_medium_high,low,"mild, nutty",short_prepared,eat fresh or refrigerate cooked portions,high_regional,https://fdc.nal.usda.gov/; https://www.fao.org/faostat/; https://www.fao.org/giews/food-prices/price-tool/en/,0.45,"Coarse starter estimate. Verify calories, prices, production and storage before product use."
47,蕎麦,Soba,Soba,pseudocereal,"buckwheat, wheat",noodle,細麺,"製粉, 練る, 成形",茹でる,false,香り/つるつる,East Asia,Japan,"つゆ, 薬味",common_meal,"そば,麺,日本,茹でる","うどん,パスタ",蕎麦粉を使う日本の麺,https://en.wikipedia.org/wiki/Staple_food,0.66,starter,regional_pseudocereal,medium,medium,medium,150,cooked noodle/pasta average,subjective_medium,low,"mild, nutty",short_prepared,eat fresh or refrigerate cooked portions,regional,https://fdc.nal.usda.gov/; https://www.fao.org/faostat/; https://www.fao.org/giews/food-prices/price-tool/en/,0.45,"Coarse starter estimate. Verify calories, prices, production and storage before product use."
48,テフ粥,Teff porridge,Genfo-like,grain,teff,porridge,粥,製粉,煮る,false,濃い粥,Horn of Africa,"Ethiopia, Eritrea","バター, スパイス",common_breakfast,"テフ,粥,エチオピア","インジェラ,カーシャ",テフを使った粥系主食,https://en.wikipedia.org/wiki/Staple_food,0.52,starter,regional_cereal; Ethiopia/Eritrea focus,medium_high,medium,medium,80,cooked porridge average,subjective_medium,low,"mild, nutty",short_prepared,eat fresh or refrigerate cooked portions,regional,https://fdc.nal.usda.gov/; https://www.fao.org/faostat/; https://www.fao.org/giews/food-prices/price-tool/en/,0.45,"Coarse starter estimate. Verify calories, prices, production and storage before product use."
49,ミレット粥,Millet porridge,,grain,millet,porridge,粥,製粉/粒,煮る,false,柔らかい,Africa/Asia,"Sahel, China, India","牛乳, スープ, 野菜",primary_or_common,"キビ,粥,サヘル,アジア","カーシャ,ソルガム粥",キビはFAOが主要主食作物として挙げる,https://www.fao.org/4/U8480E/U8480E07.htm,0.72,starter,important_dryland_cereal; see FAOSTAT,low,high,medium,80,cooked porridge average,subjective_medium_high,low,"mild, nutty",short_prepared,eat fresh or refrigerate cooked portions,high_regional,https://fdc.nal.usda.gov/; https://www.fao.org/faostat/; https://www.fao.org/giews/food-prices/price-tool/en/,0.45,"Coarse starter estimate. Verify calories, prices, production and storage before product use."
50,ソルガム粥,Sorghum porridge,,grain,sorghum,porridge,粥/塊,製粉,煮る,false,柔らかい〜硬い,Africa/Asia,"Sahel, East Africa, India","シチュー, 牛乳",primary_staple,"ソルガム,粥,アフリカ","ミレット粥,ウガリ",ソルガムはFAOが主要主食作物として挙げる,https://www.fao.org/4/U8480E/U8480E07.htm,0.75,starter,important_dryland_cereal; see FAOSTAT,low,high,medium,80,cooked porridge average,subjective_medium_high,low,"mild, nutty",short_prepared,eat fresh or refrigerate cooked portions,high_regional,https://fdc.nal.usda.gov/; https://www.fao.org/faostat/; https://www.fao.org/giews/food-prices/price-tool/en/,0.45,"Coarse starter estimate. Verify calories, prices, production and storage before product use."
51,ジャガイモ,Potatoes,,tuber,potato,boiled/mashed tuber,塊,"洗浄, 皮むき",茹でる/焼く/蒸す,false,ほくほく,Global,"Europe, Andes, Global","肉, 魚, ソース",primary_or_secondary,"じゃがいも,塊茎,茹でる,ヨーロッパ","マッシュポテト,ニョッキ",FAOが主食根菜として挙げる。明治ページでもドイツの主食例,https://www.meiji.co.jp/meiji-shokuiku/worldculture/staplefood/,0.9,starter,very_high_root_crop; see FAOSTAT,low,medium,high,87,boiled tuber,subjective_medium_high,low,"mild, toasty",short_prepared,eat fresh or refrigerate cooked portions,global_common,https://fdc.nal.usda.gov/; https://www.fao.org/faostat/; https://www.fao.org/giews/food-prices/price-tool/en/,0.45,"Coarse starter estimate. Verify calories, prices, production and storage before product use."
52,マッシュポテト,Mashed potatoes,,tuber,potato,mash,ペースト,"茹でる, 潰す",茹でる,false,なめらか,Europe/North America,"Germany, UK, Ireland, US, Global","肉料理, グレイビー",primary_or_side,"じゃがいも,潰す,マッシュ,ヨーロッパ","ジャガイモ,ポレンタ",明治ページでドイツのジャガイモの食べ方例,https://www.meiji.co.jp/meiji-shokuiku/worldculture/staplefood/,0.86,starter,very_high_root_crop; see FAOSTAT,low,medium,high,87,boiled tuber,subjective_medium_high,low,mild,medium,cool dark ventilated place,global_common,https://fdc.nal.usda.gov/; https://www.fao.org/faostat/; https://www.fao.org/giews/food-prices/price-tool/en/,0.45,"Coarse starter estimate. Verify calories, prices, production and storage before product use."
53,ニョッキ,Gnocchi,Gnocchi,tuber_grain,"potato, wheat",dumpling,小さな団子,"潰す, 練る, 成形",茹でる,false,もちっと,Europe,Italy,"ソース, チーズ",common_meal,"じゃがいも,団子,イタリア,茹でる","パスタ,餅",じゃがいもベースの団子状食品,https://en.wikipedia.org/wiki/Staple_food,0.6,starter,very_high_root_crop; see FAOSTAT,low,medium,high,87,boiled tuber,subjective_medium,low,mild,medium,cool dark ventilated place,regional,https://fdc.nal.usda.gov/; https://www.fao.org/faostat/; https://www.fao.org/giews/food-prices/price-tool/en/,0.45,"Coarse starter estimate. Verify calories, prices, production and storage before product use."
54,キャッサバ,Cassava staple,Yuca/Manioc,root,cassava,boiled/root dish,塊/粉/ペースト,"皮むき, 毒抜き, 粉化など",茹でる/蒸す/焼く,false,ほくほく/多様,Africa/Latin America,"West Africa, Central Africa, Brazil, Caribbean","シチュー, 魚, ソース",primary_staple,"キャッサバ,根菜,アフリカ,南米","フフ,ガリ,アチェケ",FAOが主食根菜として挙げる,https://www.fao.org/4/U8480E/U8480E07.htm,0.88,starter,high_tropical_root_crop; see FAOSTAT,low,high,high,160,boiled root/product average,subjective_medium_high,low,"mild, toasty",short_prepared,eat fresh or refrigerate cooked portions,high_regional,https://fdc.nal.usda.gov/; https://www.fao.org/faostat/; https://www.fao.org/giews/food-prices/price-tool/en/,0.45,"Coarse starter estimate. Verify calories, prices, production and storage before product use."
55,フフ,Fufu,Fufu,root_fruit,"cassava, yam, plantain",pounded dough,団子/塊,"茹でる, 搗く/練る",茹でる,false,もちもち/柔らかい,West/Central Africa,"Ghana, Nigeria, Cameroon, DRC","スープ, シチュー",primary_staple,"キャッサバ,ヤム,プランテン,ガーナ,もちもち","ウガリ,バンクー",明治ページでガーナの主食として紹介,https://www.meiji.co.jp/meiji-shokuiku/worldculture/staplefood/,0.94,starter,high_tropical_root_crop; see FAOSTAT,low,high,high,160,boiled root/product average,subjective_medium_high,low,mild,medium_long,dried/fermented products airtight,high_regional,https://fdc.nal.usda.gov/; https://www.fao.org/faostat/; https://www.fao.org/giews/food-prices/price-tool/en/,0.45,"Coarse starter estimate. Verify calories, prices, production and storage before product use."
56,ガリ,Garri,Garri,root,cassava,granules/flour,粒/粉,"すりおろし, 発酵, 脱水, 炒る",戻す/練る,true,粒状/もちっと,West Africa,"Nigeria, Ghana, West Africa","水, スープ, シチュー",primary_staple,"キャッサバ,発酵,粒,西アフリカ","エバ,アチェケ",キャッサバ加工食品,https://en.wikipedia.org/wiki/Staple_food,0.62,starter,high_tropical_root_crop; see FAOSTAT,low,high,high,160,boiled root/product average,subjective_medium_high,low,fermented,medium_long,dried/fermented products airtight,high_regional,https://fdc.nal.usda.gov/; https://www.fao.org/faostat/; https://www.fao.org/giews/food-prices/price-tool/en/,0.45,"Coarse starter estimate. Verify calories, prices, production and storage before product use."
57,エバ,Eba,Ẹ̀bà,root,cassava garri,stiff dough,塊,ガリを湯で練る,練る,true,もちっと/硬め,West Africa,"Nigeria, Ghana","スープ, シチュー",primary_staple,"ガリ,キャッサバ,練る,ナイジェリア","フフ,ウガリ",ガリから作る主食,https://en.wikipedia.org/wiki/Staple_food,0.61,starter,high_tropical_root_crop; see FAOSTAT,low,high,high,160,boiled root/product average,subjective_medium_high,low,fermented,medium_long,dried/fermented products airtight,high_regional,https://fdc.nal.usda.gov/; https://www.fao.org/faostat/; https://www.fao.org/giews/food-prices/price-tool/en/,0.45,"Coarse starter estimate. Verify calories, prices, production and storage before product use."
58,アチェケ,Attiéké,Attiéké,root,cassava,granular couscous-like,粒状,"発酵, 粉砕, 蒸す",蒸す,true,粒状/軽い,West Africa,Côte d’Ivoire,"魚, 肉, 野菜",primary_staple,"キャッサバ,発酵,粒,コートジボワール","ガリ,クスクス",キャッサバを粒状に加工した主食,https://en.wikipedia.org/wiki/Staple_food,0.61,starter,high_tropical_root_crop; see FAOSTAT,low,high,high,160,boiled root/product average,subjective_medium_high,low,fermented,short_prepared,eat fresh or refrigerate cooked portions,high_regional,https://fdc.nal.usda.gov/; https://www.fao.org/faostat/; https://www.fao.org/giews/food-prices/price-tool/en/,0.45,"Coarse starter estimate. Verify calories, prices, production and storage before product use."
59,ヤム,Yam staple,Yam,tuber,yam,boiled/pounded tuber,塊/ペースト,皮むき,茹でる/搗く,false,ほくほく/もちっと,Africa/Oceania,"West Africa, Pacific","スープ, ソース",primary_staple,"ヤムイモ,塊茎,アフリカ,オセアニア","フフ,タロイモ",FAOが主食根菜として挙げる,https://www.fao.org/4/U8480E/U8480E07.htm,0.82,starter,important_tropical_tuber; see FAOSTAT,medium,medium,high,116,boiled tuber,subjective_medium_high,low,mild,medium,cool dry ventilated place,high_regional,https://fdc.nal.usda.gov/; https://www.fao.org/faostat/; https://www.fao.org/giews/food-prices/price-tool/en/,0.45,"Coarse starter estimate. Verify calories, prices, production and storage before product use."
60,タロイモ,Taro staple,Taro,tuber,taro,boiled/pounded tuber,塊/ペースト,皮むき,茹でる/蒸す/搗く,false,ねっとり,Pacific/Asia/Africa,"Pacific Islands, East Asia, Africa","魚, ココナッツ, ソース",primary_staple,"タロイモ,塊茎,太平洋,ねっとり","ポイ,ヤム",FAOが主食根菜として挙げる,https://www.fao.org/4/U8480E/U8480E07.htm,0.82,starter,important_regional_tuber; see FAOSTAT,medium,medium,high,112,boiled tuber,subjective_medium_high,low,mild,short_prepared,eat fresh or refrigerate cooked portions,high_regional,https://fdc.nal.usda.gov/; https://www.fao.org/faostat/; https://www.fao.org/giews/food-prices/price-tool/en/,0.45,"Coarse starter estimate. Verify calories, prices, production and storage before product use."
61,ポイ,Poi,Poi,tuber,taro,paste,ペースト,"蒸す/焼く, 搗く, 発酵することも",搗く,true,ねっとり/酸味,Pacific,Hawaii,"魚, 肉, 野菜",primary_or_traditional,"タロイモ,ペースト,ハワイ,ポイ","タロイモペースト,フフ",ハワイのタロイモ主食,https://en.wikipedia.org/wiki/Staple_food,0.6,starter,important_regional_tuber; see FAOSTAT,medium,medium,high,112,boiled tuber,subjective_medium_high,low,"fermented, sour",medium,cool dry place,high_regional,https://fdc.nal.usda.gov/; https://www.fao.org/faostat/; https://www.fao.org/giews/food-prices/price-tool/en/,0.45,"Coarse starter estimate. Verify calories, prices, production and storage before product use."
62,サツマイモ,Sweet potato staple,Kumara/Batata,tuber,sweet potato,boiled/roasted tuber,塊,洗浄,焼く/茹でる/蒸す,false,甘い/ほくほく,Global,"Japan, Pacific, Americas, Africa","そのまま, おかず",primary_or_secondary,"さつまいも,塊茎,甘い,焼く","ジャガイモ,ヤム",地域により主食・準主食,https://en.wikipedia.org/wiki/Staple_food,0.58,starter,high_root_crop; see FAOSTAT,low,medium_high,high,90,boiled tuber,subjective_medium_high,medium,"sweet, toasty",short_prepared,eat fresh or refrigerate cooked portions,global_common,https://fdc.nal.usda.gov/; https://www.fao.org/faostat/; https://www.fao.org/giews/food-prices/price-tool/en/,0.45,"Coarse starter estimate. Verify calories, prices, production and storage before product use."
63,プランテン,Plantain staple,Plantain,fruit_starch,plantain,boiled/fried fruit,塊/スライス,皮むき,茹でる/揚げる/焼く,false,ほくほく/甘くない,Africa/Caribbean/Latin America,"Ghana, Nigeria, Caribbean, Central America","豆, 肉, ソース",primary_or_secondary,"プランテン,調理用バナナ,西アフリカ,カリブ","フフ,焼きプランテン",明治ページでガーナのフフ材料として紹介,https://www.meiji.co.jp/meiji-shokuiku/worldculture/staplefood/,0.78,starter,important_tropical_starch_fruit; see FAOSTAT bananas/plantains,medium,medium,medium,260,fried prepared food estimate,subjective_medium_high,medium,"sweet, toasty",short_medium,room temp until ripe; cooked short,high_regional,https://fdc.nal.usda.gov/; https://www.fao.org/faostat/; https://www.fao.org/giews/food-prices/price-tool/en/,0.45,"Coarse starter estimate. Verify calories, prices, production and storage before product use."
64,パンノキ,Breadfruit,Breadfruit,fruit_starch,breadfruit,roasted/boiled fruit,塊,皮むき,焼く/茹でる/蒸す,false,パンに似る/ほくほく,Pacific/Caribbean,"Pacific Islands, Caribbean","魚, ココナッツ",primary_or_secondary,"パンノキ,太平洋,カリブ,焼く","プランテン,タロイモ",熱帯地域の主食性デンプン果実,https://en.wikipedia.org/wiki/Staple_food,0.6,starter,regional_tropical_starch_fruit,medium,medium,medium,103,cooked breadfruit,subjective_medium_high,medium,"sweet, toasty",short_prepared,eat fresh or refrigerate cooked portions,high_regional,https://fdc.nal.usda.gov/; https://www.fao.org/faostat/; https://www.fao.org/giews/food-prices/price-tool/en/,0.45,"Coarse starter estimate. Verify calories, prices, production and storage before product use."
65,サゴ粥,Sago porridge,Sago,palm_starch,sago palm starch,porridge,粥/粒,"澱粉抽出, 粒化",煮る,false,もちもち/透明感,Southeast Asia/Pacific,"Indonesia, Papua New Guinea, Malaysia","魚, ココナッツ",primary_staple,"サゴ,ヤシ澱粉,粥,東南アジア",タピオカ粥,サゴヤシ由来の澱粉主食,https://en.wikipedia.org/wiki/Staple_food,0.58,starter,regional_palm_starch,medium,medium,medium,80,cooked porridge average,subjective_medium_high,low,mild,short_prepared,eat fresh or refrigerate cooked portions,high_regional,https://fdc.nal.usda.gov/; https://www.fao.org/faostat/; https://www.fao.org/giews/food-prices/price-tool/en/,0.45,"Coarse starter estimate. Verify calories, prices, production and storage before product use."
66,ダル,Dal,Dal,legume,"lentils, pulses",stew/porridge,煮込み,豆を煮る,煮る,false,とろみ,South Asia,"India, Bangladesh, Nepal, Pakistan","米, ロティ, チャパティ",primary_component,"豆,レンズ豆,南アジア,煮込み","レンズ豆スープ,フムス",単独主食というより主食を構成する重要食品,https://en.wikipedia.org/wiki/Staple_food,0.6,starter,high_pulse_crop; see FAOSTAT pulses,low,medium,high,80,cooked porridge average,subjective_medium_high,low,mild,short_prepared,eat fresh or refrigerate cooked portions,high_regional,https://fdc.nal.usda.gov/; https://www.fao.org/faostat/; https://www.fao.org/giews/food-prices/price-tool/en/,0.45,"Coarse starter estimate. Verify calories, prices, production and storage before product use."
67,豆ご飯/米と豆,Rice and beans,Rice and beans,grain_legume,"rice, beans",mixed dish,粒状,炊く/煮る,炊く/煮る,false,粒状/満腹感,Latin America/Caribbean,"Brazil, Costa Rica, Caribbean, Global","肉, 野菜, ソース",primary_staple,"米,豆,中南米,カリブ","ガジョピント,フェジョン",国別主食リストで米・豆の組み合わせが多く見られる,https://en.wikipedia.org/wiki/Staple_food,0.7,starter,very_high_global_crop; see FAOSTAT,medium,medium,high,130,cooked,subjective_medium_high,low,mild,short_prepared,eat fresh or refrigerate cooked portions,global_common,https://fdc.nal.usda.gov/; https://www.fao.org/faostat/; https://www.fao.org/giews/food-prices/price-tool/en/,0.45,"Coarse starter estimate. Verify calories, prices, production and storage before product use."
68,ガジョピント,Gallo pinto,Gallo pinto,grain_legume,"rice, beans",mixed rice dish,粒状,"炊く, 炒める",炒める,false,粒状,Central America,"Costa Rica, Nicaragua","卵, プランテン, チーズ",primary_breakfast,"米,豆,中米,朝食",ライスアンドビーンズ,米と豆を炒めた中米の主食的料理,https://en.wikipedia.org/wiki/Staple_food,0.6,starter,very_high_global_crop; see FAOSTAT,medium,medium,high,130,cooked,subjective_medium_high,low,mild,short_prepared,eat fresh or refrigerate cooked portions,high_regional,https://fdc.nal.usda.gov/; https://www.fao.org/faostat/; https://www.fao.org/giews/food-prices/price-tool/en/,0.45,"Coarse starter estimate. Verify calories, prices, production and storage before product use."
69,フムスとパン,Hummus with flatbread,Hummus + pita,legume_grain,"chickpeas, wheat",dip + bread,ペースト + 薄焼き,"豆を煮る, すり潰す",煮る/焼く,false,なめらか + 柔らかい,Middle East,"Levant, Middle East","ピタ, ラヴァシュ",primary_component,"ひよこ豆,中東,パン,ディップ","ダル,ピタ",豆とパンの組み合わせとして主食性が高い,https://en.wikipedia.org/wiki/Staple_food,0.55,starter,high_pulse_crop; see FAOSTAT pulses,medium,medium,high,230,prepared flatbread average,subjective_medium_high,low,"mild, toasty",short_to_medium,room temperature short term; freeze for longer storage,high_regional,https://fdc.nal.usda.gov/; https://www.fao.org/faostat/; https://www.fao.org/giews/food-prices/price-tool/en/,0.45,"Coarse starter estimate. Verify calories, prices, production and storage before product use."
70,魚と米,Fish and rice,,animal_grain,"fish, rice",combined staple,粒 + 魚,"炊く, 焼く/煮る",炊く/焼く/煮る,false,多様,Island/Coastal,"Japan, Southeast Asia, Caribbean, Pacific","野菜, スープ",primary_component,"魚,米,沿岸,島国","米と豆,ご飯",FAO/NatGeo定義上、地域によって魚なども食生活の中心になり得る,https://www.fao.org/4/U8480E/U8480E07.htm,0.5,starter,regional_or_mixed_ingredient; needs review,medium,medium,medium,,varies,subjective_medium_high,low,"mild, toasty",medium,depends on preparation,high_regional,https://fdc.nal.usda.gov/; https://www.fao.org/faostat/; https://www.fao.org/giews/food-prices/price-tool/en/,0.45,"Coarse starter estimate. Verify calories, prices, production and storage before product use."
71,魚とパンノキ,Fish and breadfruit,,animal_fruit_starch,"fish, breadfruit",combined staple,塊 + 魚,焼く/茹でる,焼く/茹でる,false,ほくほく + 旨味,Pacific/Caribbean,"Pacific Islands, Caribbean","ココナッツ, 野菜",primary_component,"魚,パンノキ,太平洋,島",魚と米,島嶼部の主食的組み合わせ,https://en.wikipedia.org/wiki/Staple_food,0.48,starter,regional_or_mixed_ingredient; needs review,medium,medium,medium,,varies,subjective_medium_high,low,"mild, toasty",medium,depends on preparation,high_regional,https://fdc.nal.usda.gov/; https://www.fao.org/faostat/; https://www.fao.org/giews/food-prices/price-tool/en/,0.45,"Coarse starter estimate. Verify calories, prices, production and storage before product use."
72,タピオカ/キャッサバ澱粉食品,Tapioca starch foods,Tapioca,root,cassava starch,pearls/pancake/porridge,粒/粉/薄焼き,澱粉抽出,煮る/焼く,false,もちもち,Latin America/Asia,"Brazil, Southeast Asia, Global","甘味, ココナッツ, ソース",secondary_or_snack,"キャッサバ澱粉,タピオカ,もちもち","サゴ,アチェケ",主食・菓子・軽食にまたがるため要レビュー,https://en.wikipedia.org/wiki/Staple_food,0.45,starter,high_tropical_root_crop; see FAOSTAT,low,high,medium,80,cooked porridge average,subjective_medium_high,low,"mild, toasty",short_prepared,eat fresh or refrigerate cooked portions,global_common,https://fdc.nal.usda.gov/; https://www.fao.org/faostat/; https://www.fao.org/giews/food-prices/price-tool/en/,0.45,"Coarse starter estimate. Verify calories, prices, production and storage before product use."
73,マンジョーカ/ファロファ,Farofa / Cassava flour,Farofa,root,cassava flour,toasted flour,粉/粒,"粉化, 炒る",炒る,false,粒状/乾いた,South America,Brazil,"米, 豆, 肉",secondary_component,"キャッサバ粉,ブラジル,炒る","ガリ,アチェケ",主食補助として重要,https://en.wikipedia.org/wiki/Staple_food,0.45,starter,high_tropical_root_crop; see FAOSTAT,low,high,high,160,boiled root/product average,subjective_medium,low,mild,medium_long,dried/fermented products airtight,regional,https://fdc.nal.usda.gov/; https://www.fao.org/faostat/; https://www.fao.org/giews/food-prices/price-tool/en/,0.45,"Coarse starter estimate. Verify calories, prices, production and storage before product use."
74,クイノア,Quinoa,Quinoa,pseudocereal,quinoa,grain-like dish,粒状,"洗浄, 煮る",煮る,false,粒状/軽い,Andes,"Peru, Bolivia, Andes","野菜, 肉, 豆",historical_or_secondary,"キヌア,アンデス,粒,煮る","米,カーシャ",Wikipediaの主食説明で歴史的アンデス主食として言及,https://en.wikipedia.org/wiki/Staple_food,0.62,starter,regional_pseudocereal; Andes/global,medium_high,medium,medium,120,cooked grain,subjective_medium,low,"mild, nutty",short_prepared,eat fresh or refrigerate cooked portions,regional,https://fdc.nal.usda.gov/; https://www.fao.org/faostat/; https://www.fao.org/giews/food-prices/price-tool/en/,0.45,"Coarse starter estimate. Verify calories, prices, production and storage before product use."
75,オカ,Oca tubers,Oca,tuber,oca,boiled/roasted tuber,塊,洗浄,茹でる/焼く,false,甘酸っぱい/ほくほく,Andes,"Peru, Bolivia, Andes","肉, 野菜",historical_or_regional,"オカ,アンデス,塊茎","ジャガイモ,ウルコ",Wikipediaの主食説明で歴史的アンデス主食として言及,https://en.wikipedia.org/wiki/Staple_food,0.58,starter,regional_or_mixed_ingredient; needs review,medium,medium,high,,varies,subjective_medium,low,"mild, toasty",medium,depends on preparation,regional,https://fdc.nal.usda.gov/; https://www.fao.org/faostat/; https://www.fao.org/giews/food-prices/price-tool/en/,0.45,"Coarse starter estimate. Verify calories, prices, production and storage before product use."
76,ウルコ,Ulluco,Ulluco,tuber,ulluco,boiled tuber,塊,洗浄,茹でる/煮る,false,滑らか/水分多い,Andes,"Peru, Bolivia, Andes","煮込み, 肉",historical_or_regional,"ウルコ,アンデス,塊茎","オカ,ジャガイモ",Wikipediaの主食説明で歴史的アンデス主食として言及,https://en.wikipedia.org/wiki/Staple_food,0.56,starter,regional_or_mixed_ingredient; needs review,medium,medium,high,,varies,subjective_medium,low,mild,medium,depends on preparation,regional,https://fdc.nal.usda.gov/; https://www.fao.org/faostat/; https://www.fao.org/giews/food-prices/price-tool/en/,0.45,"Coarse starter estimate. Verify calories, prices, production and storage before product use."
77,アマランサス,Amaranth grain,Amaranth,pseudocereal,amaranth,grain/porridge,粒状,煮る/膨化,煮る/炒る,false,粒状,Americas/Global,"Andes, Mexico, Global","甘味, 粥, パン",historical_or_secondary,"アマランサス,擬似穀物,粒","キヌア,ミレット",Wikipediaの主食説明で歴史的アンデス主食として言及,https://en.wikipedia.org/wiki/Staple_food,0.52,starter,regional_or_mixed_ingredient; needs review,medium,medium,medium,80,cooked porridge average,subjective_medium_high,low,mild,short_prepared,eat fresh or refrigerate cooked portions,global_common,https://fdc.nal.usda.gov/; https://www.fao.org/faostat/; https://www.fao.org/giews/food-prices/price-tool/en/,0.45,"Coarse starter estimate. Verify calories, prices, production and storage before product use."
78,ペミカン,Pemmican,Pemmican,animal,"dried meat, fat",preserved food,塊/ペースト,"乾燥, 脂肪で固める",保存食,false,高脂肪/濃厚,North America,Plains Indigenous peoples,"そのまま, 煮込み",historical_staple,"肉,脂肪,保存食,北米",干し肉,Wikipediaの主食説明で歴史的主食として言及,https://en.wikipedia.org/wiki/Staple_food,0.5,starter,livestock/animal food; not crop,high,n/a,medium,250,varies,subjective_medium_high,low,mild,long_shelf_stable,store dry and airtight,high_regional,https://fdc.nal.usda.gov/; https://www.fao.org/faostat/; https://www.fao.org/giews/food-prices/price-tool/en/,0.45,"Coarse starter estimate. Verify calories, prices, production and storage before product use."
79,乳製品中心食,Milk/dairy staple,,animal,"milk, cheese, yogurt",dairy,液体/固形,発酵/凝固,そのまま/加工,true,酸味/乳脂肪,Pastoral regions,"Central Asia, Mongolia, pastoral societies","肉, 穀物, 茶",primary_component,"乳,チーズ,ヨーグルト,遊牧",肉中心食,FAOは地域によって乳・卵・チーズ等も主食になり得ると説明,https://www.fao.org/4/U8480E/U8480E07.htm,0.52,starter,livestock/animal food; not crop,medium,n/a,medium,61,fluid milk,subjective_medium_high,low,"fermented, sour",short,refrigerated or fermented,high_regional,https://fdc.nal.usda.gov/; https://www.fao.org/faostat/; https://www.fao.org/giews/food-prices/price-tool/en/,0.45,"Coarse starter estimate. Verify calories, prices, production and storage before product use."
80,肉中心食,Meat staple,,animal,meat,meat-based diet,塊/乾燥,乾燥/加熱,焼く/煮る/乾燥,false,高タンパク,Pastoral/Arctic regions,"Mongolia, Arctic, pastoral societies","乳製品, 脂肪",primary_component,"肉,遊牧,寒冷地,主食","ペミカン,乳製品中心食",FAOは地域によって肉・魚なども主食になり得ると説明,https://www.fao.org/4/U8480E/U8480E07.htm,0.45,starter,livestock/animal food; not crop,high,n/a,medium,250,varies,subjective_medium_high,low,"mild, toasty",long_shelf_stable,store dry and airtight,high_regional,https://fdc.nal.usda.gov/; https://www.fao.org/faostat/; https://www.fao.org/giews/food-prices/price-tool/en/,0.45,"Coarse starter estimate. Verify calories, prices, production and storage before product use."
81,おにぎり,Onigiri,Onigiri,grain,rice,rice ball,三角/丸い,"炊く, 成形",そのまま,false,粒状/まとまる,East Asia,Japan,"海苔, 具材",common_meal,"米,ごはん,握る,日本","ご飯,寿司",炊いた米を握って具を入れる携帯性の高い主食,https://en.wikipedia.org/wiki/Onigiri,0.55,needs_review,very_high_global_crop; see FAOSTAT,medium,medium,medium,130,cooked,subjective_medium,low,mild,short_prepared,eat fresh or refrigerate cooked portions,regional,https://fdc.nal.usda.gov/; https://www.fao.org/faostat/; https://www.fao.org/giews/food-prices/price-tool/en/,0.35,"Coarse starter estimate. Verify calories, prices, production and storage before product use."
82,寿司飯,Sushi rice,Shari,grain,rice,seasoned rice,粒状,"炊く, 酢で調味",そのまま,false,粘る/酸味,East Asia,Japan,"魚, 海苔, 野菜",common_meal,"米,酢飯,日本,寿司","ご飯,おにぎり",酢で調味した米を使う日本の米主食,https://en.wikipedia.org/wiki/Sushi_rice,0.55,needs_review,very_high_global_crop; see FAOSTAT,medium,medium,medium,130,cooked,subjective_medium,low,mild,short_prepared,eat fresh or refrigerate cooked portions,regional,https://fdc.nal.usda.gov/; https://www.fao.org/faostat/; https://www.fao.org/giews/food-prices/price-tool/en/,0.35,"Coarse starter estimate. Verify calories, prices, production and storage before product use."
83,赤飯,Sekihan,Sekihan,grain_legume,"glutinous rice, adzuki beans",steamed rice dish,粒状,"浸水, 蒸す",蒸す,false,もちもち,East Asia,Japan,"ごま塩, お祝い料理",ritual_or_special,"もち米,小豆,蒸す,日本","餅,ご飯",もち米と小豆を蒸した行事食,https://en.wikipedia.org/wiki/Sekihan,0.55,needs_review,very_high_global_crop; see FAOSTAT,medium,medium,high,130,cooked,subjective_medium,low,mild,short_prepared,eat fresh or refrigerate cooked portions,regional,https://fdc.nal.usda.gov/; https://www.fao.org/faostat/; https://www.fao.org/giews/food-prices/price-tool/en/,0.35,"Coarse starter estimate. Verify calories, prices, production and storage before product use."
84,炊き込みご飯,Takikomi gohan,Takikomi gohan,grain,rice,seasoned rice dish,粒状,具材と炊く,炊く,false,粒状/香り,East Asia,Japan,"野菜, 肉, 魚介",common_meal,"米,炊き込み,日本","ビリヤニ,ピラフ",具材や調味料と米を炊き込む料理,https://en.wikipedia.org/wiki/Takikomi_gohan,0.55,needs_review,very_high_global_crop; see FAOSTAT,medium,medium,high,130,cooked,subjective_medium,low,mild,short_prepared,eat fresh or refrigerate cooked portions,regional,https://fdc.nal.usda.gov/; https://www.fao.org/faostat/; https://www.fao.org/giews/food-prices/price-tool/en/,0.35,"Coarse starter estimate. Verify calories, prices, production and storage before product use."
85,ちまき,Zongzi / Chimaki,Zongzi,grain,glutinous rice,wrapped rice dumpling,包み団子,"浸水, 包む",蒸す/茹でる,false,もちもち,East Asia,"China, Taiwan, Japan","肉, 豆, 笹の葉",ritual_or_special,"もち米,包む,中国,端午","タマレス,ケンケ",もち米を葉で包んで加熱する食品,https://en.wikipedia.org/wiki/Zongzi_Chimaki,0.55,needs_review,very_high_global_crop; see FAOSTAT,medium,medium,high,130,cooked,subjective_medium,low,mild,short_prepared,eat fresh or refrigerate cooked portions,regional,https://fdc.nal.usda.gov/; https://www.fao.org/faostat/; https://www.fao.org/giews/food-prices/price-tool/en/,0.35,"Coarse starter estimate. Verify calories, prices, production and storage before product use."
86,年糕,Nian gao,Nian gao,grain,glutinous rice,rice cake,塊/スライス,"製粉, 蒸す, 搗く",蒸す/焼く/煮る,false,もちもち,East Asia,China,"炒め物, 甘味",ritual_or_special,"もち米,餅,中国","餅,トック",中国のもち米ケーキ,https://en.wikipedia.org/wiki/Nian_gao,0.55,needs_review,very_high_global_crop; see FAOSTAT,medium,medium,medium,130,cooked,subjective_medium,low,"mild, toasty",short_prepared,eat fresh or refrigerate cooked portions,regional,https://fdc.nal.usda.gov/; https://www.fao.org/faostat/; https://www.fao.org/giews/food-prices/price-tool/en/,0.35,"Coarse starter estimate. Verify calories, prices, production and storage before product use."
87,トック,Tteok,Tteok,grain,rice,rice cake,塊/棒状,"製粉, 蒸す, 搗く",蒸す/煮る/焼く,false,もちもち,East Asia,Korea,"スープ, 甘味, ソース",secondary_or_ritual,"米,餅,韓国","餅,年糕",韓国の米餅類,https://en.wikipedia.org/wiki/Tteok,0.55,needs_review,very_high_global_crop; see FAOSTAT,medium,medium,medium,130,cooked,subjective_medium,low,"mild, toasty",short_prepared,eat fresh or refrigerate cooked portions,regional,https://fdc.nal.usda.gov/; https://www.fao.org/faostat/; https://www.fao.org/giews/food-prices/price-tool/en/,0.35,"Coarse starter estimate. Verify calories, prices, production and storage before product use."
88,トッポッキ,Tteokbokki,Tteokbokki,grain,rice,rice cake dish,棒状,餅を成形,煮る/炒める,false,もちもち/辛い,East Asia,Korea,"コチュジャン, 魚板",snack_or_street_food,"米,餅,韓国,辛い",トック,棒状の米餅を甘辛く煮る料理,https://en.wikipedia.org/wiki/Tteokbokki,0.55,needs_review,very_high_global_crop; see FAOSTAT,medium,medium,medium,130,cooked,subjective_medium,low,mild,short_prepared,eat fresh or refrigerate cooked portions,regional,https://fdc.nal.usda.gov/; https://www.fao.org/faostat/; https://www.fao.org/giews/food-prices/price-tool/en/,0.35,"Coarse starter estimate. Verify calories, prices, production and storage before product use."
89,ビビンバ,Bibimbap,Bibimbap,grain,rice,mixed rice dish,粒状,"炊く, 混ぜる",炊く,false,粒状/多様,East Asia,Korea,"野菜, 肉, 卵, コチュジャン",common_meal,"米,混ぜご飯,韓国","ご飯,ガジョピント",米に具材をのせて混ぜる料理,https://en.wikipedia.org/wiki/Bibimbap,0.55,needs_review,very_high_global_crop; see FAOSTAT,medium,medium,high,130,cooked,subjective_medium,low,mild,short_prepared,eat fresh or refrigerate cooked portions,regional,https://fdc.nal.usda.gov/; https://www.fao.org/faostat/; https://www.fao.org/giews/food-prices/price-tool/en/,0.35,"Coarse starter estimate. Verify calories, prices, production and storage before product use."
90,ヌルンジ,Nurungji,Nurungji,grain,rice,scorched rice,薄い焦げ/塊,"炊く, 焦がす",炊く/焼く,false,ぱりぱり/香ばしい,East Asia,Korea,"湯, お茶",common_side,"米,焦げ,韓国","おこげ,ご飯",炊飯時の焦げた米を食べる食品,https://en.wikipedia.org/wiki/Nurungji,0.55,needs_review,very_high_global_crop; see FAOSTAT,medium,medium,medium,130,cooked,subjective_medium,low,"mild, toasty",short_prepared,eat fresh or refrigerate cooked portions,regional,https://fdc.nal.usda.gov/; https://www.fao.org/faostat/; https://www.fao.org/giews/food-prices/price-tool/en/,0.35,"Coarse starter estimate. Verify calories, prices, production and storage before product use."
91,包子,Baozi,Baozi,grain,wheat,steamed bun,丸い包みパン,"製粉, 練る, 発酵, 包む",蒸す,true,ふわふわ/具入り,East Asia,China,"肉, 野菜, 豆沙",common_meal,"小麦,蒸しパン,中国,包む","マントウ,饅頭",発酵小麦生地で具を包んで蒸す,https://en.wikipedia.org/wiki/Baozi,0.55,needs_review,very_high_global_crop; see FAOSTAT,low,medium,medium,260,bread/cooked average,subjective_medium,low,fermented,short_prepared,eat fresh or refrigerate cooked portions,regional,https://fdc.nal.usda.gov/; https://www.fao.org/faostat/; https://www.fao.org/giews/food-prices/price-tool/en/,0.35,"Coarse starter estimate. Verify calories, prices, production and storage before product use."
92,饅頭,Chinese steamed bun,Mantou/Bao,grain,wheat,steamed bread,丸いパン,"製粉, 練る, 発酵",蒸す,true,ふわふわ,East Asia,"China, Japan","あん, おかず",common_meal,"小麦,蒸す,パン","マントウ,包子",小麦生地を蒸したパン類,https://en.wikipedia.org/wiki/Chinese_steamed_bun,0.55,needs_review,very_high_global_crop; see FAOSTAT,low,medium,high,260,prepared bread average,subjective_medium,low,fermented,short_to_medium,room temperature short term; freeze for longer storage,regional,https://fdc.nal.usda.gov/; https://www.fao.org/faostat/; https://www.fao.org/giews/food-prices/price-tool/en/,0.35,"Coarse starter estimate. Verify calories, prices, production and storage before product use."
93,葱油餅,Scallion pancake,Cong you bing,grain,wheat,pan-fried flatbread,薄焼き,"製粉, 練る, 層にする",焼く,false,ぱりぱり/もちっと,East Asia,"China, Taiwan","ねぎ, 油",snack_or_street_food,"小麦,薄焼き,ねぎ,中国","ロティ,パラタ",ねぎ入りの層状小麦薄焼き,https://en.wikipedia.org/wiki/Scallion_pancake,0.55,needs_review,very_high_global_crop; see FAOSTAT,low,medium,medium,260,prepared bread average,subjective_medium,low,"mild, toasty",short_to_medium,room temperature short term; freeze for longer storage,regional,https://fdc.nal.usda.gov/; https://www.fao.org/faostat/; https://www.fao.org/giews/food-prices/price-tool/en/,0.35,"Coarse starter estimate. Verify calories, prices, production and storage before product use."
94,煎餅果子,Jianbing,Jianbing,grain_legume,"wheat, mung bean, millet",crepe wrap,薄焼き,"製粉, 生地化",焼く,false,薄い/ぱりぱり,East Asia,China,"卵, 揚げ生地, ソース",street_food,"小麦,薄焼き,中国,朝食","ドーサ,クレープ",中国の朝食向け薄焼き生地料理,https://en.wikipedia.org/wiki/Jianbing,0.55,needs_review,very_high_global_crop; see FAOSTAT,low,medium,medium,230,prepared flatbread average,subjective_medium,low,"mild, toasty",long,dry flour/grain airtight,regional,https://fdc.nal.usda.gov/; https://www.fao.org/faostat/; https://www.fao.org/giews/food-prices/price-tool/en/,0.35,"Coarse starter estimate. Verify calories, prices, production and storage before product use."
95,刀削麺,Knife-cut noodles,Dao xiao mian,grain,wheat,noodle,太い削り麺,"製粉, 練る, 削る",茹でる,false,もちもち/弾力,East Asia,China,"スープ, ソース",common_meal,"小麦,麺,中国,茹でる","拉麺,うどん",小麦生地を削って作る麺,https://en.wikipedia.org/wiki/Knife_cut_noodles,0.55,needs_review,very_high_global_crop; see FAOSTAT,low,medium,medium,150,cooked noodle/pasta average,subjective_medium,low,mild,short_prepared,eat fresh or refrigerate cooked portions,regional,https://fdc.nal.usda.gov/; https://www.fao.org/faostat/; https://www.fao.org/giews/food-prices/price-tool/en/,0.35,"Coarse starter estimate. Verify calories, prices, production and storage before product use."
96,拉麺,Hand-pulled noodles,Lamian,grain,wheat,noodle,引き延ばし麺,"製粉, 練る, 伸ばす",茹でる,false,弾力/長い,East Asia,China,"スープ, 肉",common_meal,"小麦,麺,中国,手延べ","ラーメン,刀削麺",手で延ばして作る小麦麺,https://en.wikipedia.org/wiki/Hand_pulled_noodles,0.55,needs_review,very_high_global_crop; see FAOSTAT,low,medium,medium,150,cooked noodle/pasta average,subjective_medium,low,mild,short_prepared,eat fresh or refrigerate cooked portions,regional,https://fdc.nal.usda.gov/; https://www.fao.org/faostat/; https://www.fao.org/giews/food-prices/price-tool/en/,0.35,"Coarse starter estimate. Verify calories, prices, production and storage before product use."
97,ビャンビャン麺,Biangbiang noodles,Biangbiang mian,grain,wheat,wide noodle,幅広麺,"製粉, 練る, 伸ばす",茹でる,false,もちもち/幅広,East Asia,China,"油, 唐辛子, 酢",common_meal,"小麦,幅広麺,中国","拉麺,パスタ",陝西省の幅広小麦麺,https://en.wikipedia.org/wiki/Biangbiang_noodles,0.55,needs_review,very_high_global_crop; see FAOSTAT,low,medium,medium,150,cooked noodle/pasta average,subjective_medium,low,mild,short_prepared,eat fresh or refrigerate cooked portions,regional,https://fdc.nal.usda.gov/; https://www.fao.org/faostat/; https://www.fao.org/giews/food-prices/price-tool/en/,0.35,"Coarse starter estimate. Verify calories, prices, production and storage before product use."
98,河粉,Shahe fen,Shahe fen,grain,rice,wide rice noodle,幅広平麺,"米粉化, 成形",茹でる/炒める,false,つるつる,East Asia,China,"牛肉, ソース",common_meal,"米,麺,広東,平麺","フォー,クイティオ",幅広い米粉麺,https://en.wikipedia.org/wiki/Shahe_fen,0.55,needs_review,very_high_global_crop; see FAOSTAT,medium,medium,medium,150,cooked noodle/pasta average,subjective_medium,low,mild,short_prepared,eat fresh or refrigerate cooked portions,regional,https://fdc.nal.usda.gov/; https://www.fao.org/faostat/; https://www.fao.org/giews/food-prices/price-tool/en/,0.35,"Coarse starter estimate. Verify calories, prices, production and storage before product use."
99,腸粉,Rice noodle roll,Cheung fun,grain,rice,rice sheet roll,薄いシート巻き,"米粉化, 蒸す, 巻く",蒸す,false,つるつる/柔らかい,East Asia,"Hong Kong, Guangdong","醤油, 具材",common_breakfast,"米,シート,蒸す,香港","ライスペーパー,米粉麺",蒸した米粉シートを巻く料理,https://en.wikipedia.org/wiki/Rice_noodle_roll,0.55,needs_review,very_high_global_crop; see FAOSTAT,medium,medium,medium,130,cooked,subjective_medium,low,mild,short_prepared,eat fresh or refrigerate cooked portions,regional,https://fdc.nal.usda.gov/; https://www.fao.org/faostat/; https://www.fao.org/giews/food-prices/price-tool/en/,0.35,"Coarse starter estimate. Verify calories, prices, production and storage before product use."
100,シンガポールビーフン,Rice vermicelli stir-fry,Bee hoon,grain,rice,noodle,細麺,"米粉化, 乾燥",炒める/茹でる,false,軽い/つるつる,Southeast Asia,"Singapore, Malaysia","野菜, 肉, 魚介",common_meal,"米,ビーフン,炒める","ブン,フォー",米粉細麺を炒めた料理,https://en.wikipedia.org/wiki/Rice_vermicelli_stir_fry,0.55,needs_review,very_high_global_crop; see FAOSTAT,medium,medium,medium,150,cooked noodle/pasta average,subjective_medium,low,mild,short_prepared,eat fresh or refrigerate cooked portions,regional,https://fdc.nal.usda.gov/; https://www.fao.org/faostat/; https://www.fao.org/giews/food-prices/price-tool/en/,0.35,"Coarse starter estimate. Verify calories, prices, production and storage before product use."
101,ナシレマ,Nasi lemak,Nasi lemak,grain,rice,coconut rice,粒状,ココナッツミルクで炊く,炊く,false,香り/粒状,Southeast Asia,Malaysia,"サンバル, 卵, 魚",primary_or_common,"米,ココナッツ,マレーシア",ナシウドゥック,ココナッツミルクで炊いた米料理,https://en.wikipedia.org/wiki/Nasi_lemak,0.55,needs_review,very_high_global_crop; see FAOSTAT,medium,medium,medium,130,cooked,subjective_medium_high,low,mild,short_prepared,eat fresh or refrigerate cooked portions,high_regional,https://fdc.nal.usda.gov/; https://www.fao.org/faostat/; https://www.fao.org/giews/food-prices/price-tool/en/,0.35,"Coarse starter estimate. Verify calories, prices, production and storage before product use."
102,ナシゴレン,Nasi goreng,Nasi goreng,grain,rice,fried rice,粒状,炊く,炒める,false,粒状/香ばしい,Southeast Asia,Indonesia,"卵, サンバル, 肉",common_meal,"米,炒飯,インドネシア",チャーハン,インドネシアの炒飯,https://en.wikipedia.org/wiki/Nasi_goreng,0.55,needs_review,very_high_global_crop; see FAOSTAT,medium,medium,medium,260,fried prepared food estimate,subjective_medium,low,mild,medium,dry grain in airtight container,regional,https://fdc.nal.usda.gov/; https://www.fao.org/faostat/; https://www.fao.org/giews/food-prices/price-tool/en/,0.35,"Coarse starter estimate. Verify calories, prices, production and storage before product use."
103,ナシウドゥック,Nasi uduk,Nasi uduk,grain,rice,coconut rice,粒状,ココナッツミルクで炊く,炊く,false,香り/粒状,Southeast Asia,Indonesia,"揚げ物, サンバル",common_meal,"米,ココナッツ,インドネシア",ナシレマ,香辛料とココナッツで炊く米,https://en.wikipedia.org/wiki/Nasi_uduk,0.55,needs_review,very_high_global_crop; see FAOSTAT,medium,medium,medium,130,cooked,subjective_medium,low,mild,short_prepared,eat fresh or refrigerate cooked portions,regional,https://fdc.nal.usda.gov/; https://www.fao.org/faostat/; https://www.fao.org/giews/food-prices/price-tool/en/,0.35,"Coarse starter estimate. Verify calories, prices, production and storage before product use."
104,ナシクニン,Nasi kuning,Nasi kuning,grain,rice,yellow rice,粒状,ターメリックで炊く,炊く,false,香り/黄色,Southeast Asia,Indonesia,"卵, 肉, 野菜",ritual_or_special,"米,黄色,インドネシア",ビリヤニ,ターメリックで黄色く炊く米料理,https://en.wikipedia.org/wiki/Nasi_kuning,0.55,needs_review,very_high_global_crop; see FAOSTAT,medium,medium,medium,130,cooked,subjective_medium,low,mild,short_prepared,eat fresh or refrigerate cooked portions,regional,https://fdc.nal.usda.gov/; https://www.fao.org/faostat/; https://www.fao.org/giews/food-prices/price-tool/en/,0.35,"Coarse starter estimate. Verify calories, prices, production and storage before product use."
105,クトゥパット,Ketupat,Ketupat,grain,rice,compressed rice cake,包み/塊,葉で包む,茹でる,false,固め/粒状,Southeast Asia,"Indonesia, Malaysia","カレー, サテ",ritual_or_common,"米,包む,東南アジア",ロントン,ヤシ葉で包んで茹でる米,https://en.wikipedia.org/wiki/Ketupat,0.55,needs_review,very_high_global_crop; see FAOSTAT,medium,medium,medium,130,cooked,subjective_medium,low,mild,short_prepared,eat fresh or refrigerate cooked portions,regional,https://fdc.nal.usda.gov/; https://www.fao.org/faostat/; https://www.fao.org/giews/food-prices/price-tool/en/,0.35,"Coarse starter estimate. Verify calories, prices, production and storage before product use."
106,ロントン,Lontong,Lontong,grain,rice,compressed rice cake,円筒/塊,葉や袋で包む,茹でる,false,固め/柔らかい,Southeast Asia,"Indonesia, Malaysia","カレー, 野菜",common_meal,"米,圧縮,インドネシア",クトゥパット,圧縮して固めた米料理,https://en.wikipedia.org/wiki/Lontong,0.55,needs_review,very_high_global_crop; see FAOSTAT,medium,medium,medium,130,cooked,subjective_medium,low,mild,short_prepared,eat fresh or refrigerate cooked portions,regional,https://fdc.nal.usda.gov/; https://www.fao.org/faostat/; https://www.fao.org/giews/food-prices/price-tool/en/,0.35,"Coarse starter estimate. Verify calories, prices, production and storage before product use."
107,レマン,Lemang,Lemang,grain,rice,coconut sticky rice,竹筒/塊,竹筒に詰める,焼く,false,もちもち/香り,Southeast Asia,"Malaysia, Indonesia","肉, カレー",ritual_or_special,"もち米,竹,マレーシア",クトゥパット,竹筒で炊くもち米,https://en.wikipedia.org/wiki/Lemang,0.55,needs_review,very_high_global_crop; see FAOSTAT,medium,medium,medium,130,cooked,subjective_medium,low,"mild, toasty",short_prepared,eat fresh or refrigerate cooked portions,regional,https://fdc.nal.usda.gov/; https://www.fao.org/faostat/; https://www.fao.org/giews/food-prices/price-tool/en/,0.35,"Coarse starter estimate. Verify calories, prices, production and storage before product use."
108,カオニャオ,Sticky rice,Khao niao,grain,glutinous rice,sticky rice,粒状,浸水,蒸す,false,もちもち,Southeast Asia,"Laos, Thailand","肉, ラープ, マンゴー",primary_staple,"もち米,ラオス,タイ",ご飯,東南アジアのもち米主食,https://en.wikipedia.org/wiki/Sticky_rice,0.55,needs_review,very_high_global_crop; see FAOSTAT,medium,medium,medium,130,cooked,subjective_medium_high,low,mild,short_prepared,eat fresh or refrigerate cooked portions,high_regional,https://fdc.nal.usda.gov/; https://www.fao.org/faostat/; https://www.fao.org/giews/food-prices/price-tool/en/,0.35,"Coarse starter estimate. Verify calories, prices, production and storage before product use."
109,カオソーイ,Khao soi,Khao soi,grain,wheat/noodles,noodle soup,麺,製麺,茹でる,false,スープ/弾力,Southeast Asia,"Northern Thailand, Myanmar","カレー, 肉",common_meal,"麺,カレー,タイ",ラーメン,カレー風味の麺料理,https://en.wikipedia.org/wiki/Khao_soi,0.55,needs_review,very_high_global_crop; see FAOSTAT,low,medium,medium,150,cooked noodle/pasta average,subjective_medium,low,mild,short_prepared,eat fresh or refrigerate cooked portions,regional,https://fdc.nal.usda.gov/; https://www.fao.org/faostat/; https://www.fao.org/giews/food-prices/price-tool/en/,0.35,"Coarse starter estimate. Verify calories, prices, production and storage before product use."
110,パッタイ,Pad Thai,Pad Thai,grain,rice,noodle stir-fry,平麺,米粉麺,炒める,false,つるつる/甘酸っぱい,Southeast Asia,Thailand,"卵, 豆腐, エビ",common_meal,"米麺,炒める,タイ",フォー,タイの米麺炒め,https://en.wikipedia.org/wiki/Pad_Thai,0.55,needs_review,very_high_global_crop; see FAOSTAT,medium,medium,medium,150,cooked noodle/pasta average,subjective_medium,low,mild,short_prepared,eat fresh or refrigerate cooked portions,regional,https://fdc.nal.usda.gov/; https://www.fao.org/faostat/; https://www.fao.org/giews/food-prices/price-tool/en/,0.35,"Coarse starter estimate. Verify calories, prices, production and storage before product use."
111,ミーゴレン,Mie goreng,Mie goreng,grain,wheat,noodle stir-fry,麺,製麺,炒める,false,弾力/香ばしい,Southeast Asia,"Indonesia, Malaysia","肉, 野菜, 卵",common_meal,"小麦,麺,炒める",焼きそば,東南アジアの炒め麺,https://en.wikipedia.org/wiki/Mie_goreng,0.55,needs_review,very_high_global_crop; see FAOSTAT,low,medium,medium,150,cooked noodle/pasta average,subjective_medium,low,mild,short_prepared,eat fresh or refrigerate cooked portions,regional,https://fdc.nal.usda.gov/; https://www.fao.org/faostat/; https://www.fao.org/giews/food-prices/price-tool/en/,0.35,"Coarse starter estimate. Verify calories, prices, production and storage before product use."
112,モヒンガー,Mohinga,Mohinga,grain,rice,noodle soup,米麺,米粉麺,茹でる,false,スープ/柔らかい,Southeast Asia,Myanmar,"魚スープ, 香草",primary_breakfast,"米麺,ミャンマー,魚",フォー,ミャンマーの米麺スープ,https://en.wikipedia.org/wiki/Mohinga,0.55,needs_review,very_high_global_crop; see FAOSTAT,medium,medium,medium,150,cooked noodle/pasta average,subjective_medium_high,low,mild,short_prepared,eat fresh or refrigerate cooked portions,high_regional,https://fdc.nal.usda.gov/; https://www.fao.org/faostat/; https://www.fao.org/giews/food-prices/price-tool/en/,0.35,"Coarse starter estimate. Verify calories, prices, production and storage before product use."
113,カノムチン,Khanom chin,Khanom chin,grain,rice,fermented rice noodle,細麺,発酵/米粉化,茹でる,true,柔らかい/酸味,Southeast Asia,Thailand,"カレー, 野菜",common_meal,"米,発酵,麺,タイ",ブン,発酵米麺,https://en.wikipedia.org/wiki/Khanom_chin,0.55,needs_review,very_high_global_crop; see FAOSTAT,medium,medium,medium,150,cooked noodle/pasta average,subjective_medium,low,"fermented, sour",short_prepared,eat fresh or refrigerate cooked portions,regional,https://fdc.nal.usda.gov/; https://www.fao.org/faostat/; https://www.fao.org/giews/food-prices/price-tool/en/,0.35,"Coarse starter estimate. Verify calories, prices, production and storage before product use."
114,バインミー,Banh mi,Bánh mì,grain,wheat,bread sandwich,パン,製粉/発酵,焼く,true,外は軽い/中は柔らかい,Southeast Asia,Vietnam,"肉, 野菜, 香草",common_meal,"小麦,パン,ベトナム",バゲット,ベトナムのパン食,https://en.wikipedia.org/wiki/Banh_mi,0.55,needs_review,very_high_global_crop; see FAOSTAT,low,medium,high,260,prepared bread average,subjective_medium,low,"fermented, toasty",short_to_medium,room temperature short term; freeze for longer storage,regional,https://fdc.nal.usda.gov/; https://www.fao.org/faostat/; https://www.fao.org/giews/food-prices/price-tool/en/,0.35,"Coarse starter estimate. Verify calories, prices, production and storage before product use."
115,バインクオン,Banh cuon,Bánh cuốn,grain,rice,rice sheet roll,薄いシート,米粉化,蒸す,false,つるつる/柔らかい,Southeast Asia,Vietnam,"豚肉, きのこ, ヌクチャム",common_meal,"米,シート,蒸す,ベトナム",腸粉,米粉シートを蒸して巻く料理,https://en.wikipedia.org/wiki/Banh_cuon,0.55,needs_review,very_high_global_crop; see FAOSTAT,medium,medium,medium,130,cooked,subjective_medium,low,mild,short_prepared,eat fresh or refrigerate cooked portions,regional,https://fdc.nal.usda.gov/; https://www.fao.org/faostat/; https://www.fao.org/giews/food-prices/price-tool/en/,0.35,"Coarse starter estimate. Verify calories, prices, production and storage before product use."
116,バインセオ,Banh xeo,Bánh xèo,grain,rice,crispy pancake,薄焼き,米粉化,焼く,false,ぱりぱり,Southeast Asia,Vietnam,"野菜, 豚肉, エビ",common_meal,"米粉,薄焼き,ベトナム",ドーサ,米粉の薄焼き料理,https://en.wikipedia.org/wiki/Banh_xeo,0.55,needs_review,very_high_global_crop; see FAOSTAT,medium,medium,medium,230,prepared flatbread average,subjective_medium,low,"mild, toasty",medium,dry grain in airtight container,regional,https://fdc.nal.usda.gov/; https://www.fao.org/faostat/; https://www.fao.org/giews/food-prices/price-tool/en/,0.35,"Coarse starter estimate. Verify calories, prices, production and storage before product use."
117,コムタム,Broken rice,Cơm tấm,grain,rice,broken rice dish,粒状,砕米,炊く,false,粒状,Southeast Asia,Vietnam,"豚肉, 卵, 魚醤",common_meal,"米,砕米,ベトナム",ご飯,砕米を炊いた料理,https://en.wikipedia.org/wiki/Broken_rice,0.55,needs_review,very_high_global_crop; see FAOSTAT,medium,medium,high,130,cooked,subjective_medium,low,mild,short_prepared,eat fresh or refrigerate cooked portions,regional,https://fdc.nal.usda.gov/; https://www.fao.org/faostat/; https://www.fao.org/giews/food-prices/price-tool/en/,0.35,"Coarse starter estimate. Verify calories, prices, production and storage before product use."
118,プト,Puto,Puto,grain,rice,steamed rice cake,小型ケーキ,米粉化,蒸す,false,ふわふわ,Southeast Asia,Philippines,"チーズ, ココナッツ",snack_or_side,"米粉,蒸す,フィリピン",イドゥリ,蒸した米粉ケーキ,https://en.wikipedia.org/wiki/Puto,0.55,needs_review,very_high_global_crop; see FAOSTAT,medium,medium,medium,130,cooked,subjective_medium,low,mild,short_prepared,eat fresh or refrigerate cooked portions,regional,https://fdc.nal.usda.gov/; https://www.fao.org/faostat/; https://www.fao.org/giews/food-prices/price-tool/en/,0.35,"Coarse starter estimate. Verify calories, prices, production and storage before product use."
119,ビビンカ,Bibingka,Bibingka,grain,rice,rice cake,丸いケーキ,米粉化,焼く,false,柔らかい/甘い,Southeast Asia,Philippines,"ココナッツ, 卵",ritual_or_snack,"米粉,焼く,フィリピン",プト,フィリピンの米粉ケーキ,https://en.wikipedia.org/wiki/Bibingka,0.55,needs_review,very_high_global_crop; see FAOSTAT,medium,medium,medium,130,cooked,subjective_medium,low,"mild, toasty",short_prepared,eat fresh or refrigerate cooked portions,regional,https://fdc.nal.usda.gov/; https://www.fao.org/faostat/; https://www.fao.org/giews/food-prices/price-tool/en/,0.35,"Coarse starter estimate. Verify calories, prices, production and storage before product use."
120,スマン,Suman,Suman,grain,glutinous rice,wrapped sticky rice,包み,葉で包む,蒸す,false,もちもち,Southeast Asia,Philippines,"砂糖, ココナッツ",common_snack,"もち米,包む,フィリピン",ちまき,葉で包むもち米料理,https://en.wikipedia.org/wiki/Suman,0.55,needs_review,very_high_global_crop; see FAOSTAT,medium,medium,medium,130,cooked,subjective_medium,low,mild,short_prepared,eat fresh or refrigerate cooked portions,regional,https://fdc.nal.usda.gov/; https://www.fao.org/faostat/; https://www.fao.org/giews/food-prices/price-tool/en/,0.35,"Coarse starter estimate. Verify calories, prices, production and storage before product use."
121,シナンガグ,Garlic fried rice,Sinangag,grain,rice,fried rice,粒状,炊く,炒める,false,香ばしい,Southeast Asia,Philippines,"卵, 肉, 魚",common_breakfast,"米,炒飯,にんにく",ナシゴレン,にんにく風味の炒飯,https://en.wikipedia.org/wiki/Garlic_fried_rice,0.55,needs_review,very_high_global_crop; see FAOSTAT,medium,medium,medium,260,fried prepared food estimate,subjective_medium,low,mild,medium,dry grain in airtight container,regional,https://fdc.nal.usda.gov/; https://www.fao.org/faostat/; https://www.fao.org/giews/food-prices/price-tool/en/,0.35,"Coarse starter estimate. Verify calories, prices, production and storage before product use."
122,パンシット,Pancit,Pancit,grain,rice/wheat,noodle,麺,製麺,炒める/茹でる,false,多様,Southeast Asia,Philippines,"野菜, 肉, 魚介",common_meal,"麺,フィリピン",ミーゴレン,フィリピンの麺料理総称,https://en.wikipedia.org/wiki/Pancit,0.55,needs_review,very_high_global_crop; see FAOSTAT,medium,medium,medium,150,cooked noodle/pasta average,subjective_medium,low,mild,short_prepared,eat fresh or refrigerate cooked portions,regional,https://fdc.nal.usda.gov/; https://www.fao.org/faostat/; https://www.fao.org/giews/food-prices/price-tool/en/,0.35,"Coarse starter estimate. Verify calories, prices, production and storage before product use."
123,パラータ,Paratha,Paratha,grain,wheat,layered flatbread,薄焼き/層状,製粉/練る/油を折り込む,焼く,false,もちっと/油分,South Asia,"India, Pakistan","カレー, ヨーグルト",primary_or_common,"小麦,薄焼き,南アジア",ロティ,層状の小麦薄焼き,https://en.wikipedia.org/wiki/Paratha,0.55,needs_review,very_high_global_crop; see FAOSTAT,low,medium,high,260,prepared bread average,subjective_medium_high,low,"mild, toasty",short_to_medium,room temperature short term; freeze for longer storage,high_regional,https://fdc.nal.usda.gov/; https://www.fao.org/faostat/; https://www.fao.org/giews/food-prices/price-tool/en/,0.35,"Coarse starter estimate. Verify calories, prices, production and storage before product use."
124,アルーパラータ,Aloo paratha,Aloo paratha,grain_tuber,"wheat, potato",stuffed flatbread,薄焼き/具入り,練る/詰める,焼く,false,もちっと/具入り,South Asia,"India, Pakistan","ヨーグルト, ピクルス",common_meal,"小麦,じゃがいも,薄焼き",パラータ,じゃがいも入り平パン,https://en.wikipedia.org/wiki/Aloo_paratha,0.55,needs_review,very_high_global_crop; see FAOSTAT,low,medium,high,260,prepared bread average,subjective_medium,low,"mild, toasty",short_to_medium,room temperature short term; freeze for longer storage,regional,https://fdc.nal.usda.gov/; https://www.fao.org/faostat/; https://www.fao.org/giews/food-prices/price-tool/en/,0.35,"Coarse starter estimate. Verify calories, prices, production and storage before product use."
125,クルチャ,Kulcha,Kulcha,grain,wheat,leavened flatbread,平たいパン,製粉/発酵,焼く,true,柔らかい,South Asia,"North India, Pakistan","カレー, チャナ",common_meal,"小麦,発酵,インド",ナン,発酵小麦パン,https://en.wikipedia.org/wiki/Kulcha,0.55,needs_review,very_high_global_crop; see FAOSTAT,low,medium,high,260,prepared bread average,subjective_medium,low,"fermented, toasty",short_to_medium,room temperature short term; freeze for longer storage,regional,https://fdc.nal.usda.gov/; https://www.fao.org/faostat/; https://www.fao.org/giews/food-prices/price-tool/en/,0.35,"Coarse starter estimate. Verify calories, prices, production and storage before product use."
126,バクリ,Bhakri,Bhakri,grain,"millet, sorghum, wheat",flatbread,薄焼き,製粉/練る,焼く,false,素朴/密度あり,South Asia,India,"野菜, カレー",primary_staple,"ミレット,ソルガム,薄焼き",ロティ,雑穀粉の薄焼きパン,https://en.wikipedia.org/wiki/Bhakri,0.55,needs_review,important_dryland_cereal; see FAOSTAT,low,high,high,230,prepared flatbread average,subjective_medium_high,low,"mild, toasty, nutty",short_to_medium,room temperature short term; freeze for longer storage,high_regional,https://fdc.nal.usda.gov/; https://www.fao.org/faostat/; https://www.fao.org/giews/food-prices/price-tool/en/,0.35,"Coarse starter estimate. Verify calories, prices, production and storage before product use."
127,テープラ,Thepla,Thepla,grain,wheat,spiced flatbread,薄焼き,製粉/練る,焼く,false,薄い/香辛料,South Asia,India,"ヨーグルト, ピクルス",common_travel_food,"小麦,薄焼き,グジャラート",パラータ,香辛料入り薄焼きパン,https://en.wikipedia.org/wiki/Thepla,0.55,needs_review,very_high_global_crop; see FAOSTAT,low,medium,high,260,prepared bread average,subjective_medium,low,"mild, toasty",short_to_medium,room temperature short term; freeze for longer storage,regional,https://fdc.nal.usda.gov/; https://www.fao.org/faostat/; https://www.fao.org/giews/food-prices/price-tool/en/,0.35,"Coarse starter estimate. Verify calories, prices, production and storage before product use."
128,ポハ,Poha,Poha,grain,rice,flattened rice dish,薄い米片,米を押しつぶす,炒める,false,軽い/柔らかい,South Asia,India,"豆, 野菜, 香辛料",common_breakfast,"米,押し米,朝食",お粥,押し米を使う朝食,https://en.wikipedia.org/wiki/Poha,0.55,needs_review,very_high_global_crop; see FAOSTAT,medium,medium,high,130,cooked,subjective_medium,low,mild,short_prepared,eat fresh or refrigerate cooked portions,regional,https://fdc.nal.usda.gov/; https://www.fao.org/faostat/; https://www.fao.org/giews/food-prices/price-tool/en/,0.35,"Coarse starter estimate. Verify calories, prices, production and storage before product use."
129,ウプマ,Upma,Upma,grain,wheat semolina,semolina porridge,粥/粒状,セモリナ,炒め煮,false,粒状/柔らかい,South Asia,India,"野菜, チャツネ",common_breakfast,"小麦,セモリナ,南インド",クスクス,セモリナを炒め煮する料理,https://en.wikipedia.org/wiki/Upma,0.55,needs_review,very_high_global_crop; see FAOSTAT,low,medium,medium,80,cooked porridge average,subjective_medium,low,mild,short_prepared,eat fresh or refrigerate cooked portions,regional,https://fdc.nal.usda.gov/; https://www.fao.org/faostat/; https://www.fao.org/giews/food-prices/price-tool/en/,0.35,"Coarse starter estimate. Verify calories, prices, production and storage before product use."
130,ポンガル,Pongal,Pongal,grain_legume,"rice, mung dal",soft rice-lentil dish,粥,煮る,煮る,false,柔らかい/とろみ,South Asia,South India,"ギー, 胡椒",common_breakfast,"米,豆,南インド",キチュリ,米と豆の柔らかい料理,https://en.wikipedia.org/wiki/Pongal,0.55,needs_review,very_high_global_crop; see FAOSTAT,medium,medium,high,80,cooked porridge average,subjective_medium,low,mild,short_prepared,eat fresh or refrigerate cooked portions,regional,https://fdc.nal.usda.gov/; https://www.fao.org/faostat/; https://www.fao.org/giews/food-prices/price-tool/en/,0.35,"Coarse starter estimate. Verify calories, prices, production and storage before product use."
131,キチュリ,Khichdi,Khichdi,grain_legume,"rice, lentils",mixed porridge,粥/粒状,煮る,煮る,false,柔らかい,South Asia,"India, Bangladesh","ヨーグルト, ピクルス",common_meal,"米,豆,煮る",ポンガル,米と豆を煮た料理,https://en.wikipedia.org/wiki/Khichdi,0.55,needs_review,very_high_global_crop; see FAOSTAT,medium,medium,high,80,cooked porridge average,subjective_medium,low,mild,short_prepared,eat fresh or refrigerate cooked portions,regional,https://fdc.nal.usda.gov/; https://www.fao.org/faostat/; https://www.fao.org/giews/food-prices/price-tool/en/,0.35,"Coarse starter estimate. Verify calories, prices, production and storage before product use."
132,プットゥ,Puttu,Puttu,grain,rice,steamed cylinder,円筒/粒状,米粉化,蒸す,false,ほろほろ/粒状,South Asia,"Kerala, Sri Lanka","カレー, バナナ",common_breakfast,"米粉,蒸す,ケララ",イドゥリ,米粉を筒状に蒸した料理,https://en.wikipedia.org/wiki/Puttu,0.55,needs_review,very_high_global_crop; see FAOSTAT,medium,medium,medium,130,cooked,subjective_medium,low,mild,short_prepared,eat fresh or refrigerate cooked portions,regional,https://fdc.nal.usda.gov/; https://www.fao.org/faostat/; https://www.fao.org/giews/food-prices/price-tool/en/,0.35,"Coarse starter estimate. Verify calories, prices, production and storage before product use."
133,イディヤッパム,Idiyappam,String hoppers,grain,rice,string noodle,細い押し出し麺,米粉化/押し出し,蒸す,false,柔らかい/細い,South Asia,"South India, Sri Lanka","カレー, ココナッツ",common_breakfast,"米,麺,蒸す",フォー,米粉の糸状麺,https://en.wikipedia.org/wiki/Idiyappam,0.55,needs_review,very_high_global_crop; see FAOSTAT,medium,medium,medium,150,cooked noodle/pasta average,subjective_medium,low,mild,short_prepared,eat fresh or refrigerate cooked portions,regional,https://fdc.nal.usda.gov/; https://www.fao.org/faostat/; https://www.fao.org/giews/food-prices/price-tool/en/,0.35,"Coarse starter estimate. Verify calories, prices, production and storage before product use."
134,ホッパー,Hoppers,Appa,grain,rice,bowl-shaped pancake,薄焼き/椀形,発酵,焼く,true,縁はぱりっと中央柔らかい,South Asia,Sri Lanka,"卵, カレー",common_meal,"米,発酵,スリランカ",アッパム,発酵米生地の椀形パン,https://en.wikipedia.org/wiki/Hoppers,0.55,needs_review,very_high_global_crop; see FAOSTAT,medium,medium,medium,230,prepared flatbread average,subjective_medium,low,"fermented, toasty",medium,dry grain in airtight container,regional,https://fdc.nal.usda.gov/; https://www.fao.org/faostat/; https://www.fao.org/giews/food-prices/price-tool/en/,0.35,"Coarse starter estimate. Verify calories, prices, production and storage before product use."
135,ドクラ,Dhokla,Dhokla,legume_grain,"chickpea flour, rice",steamed cake,四角いケーキ,発酵/粉化,蒸す,true,ふわふわ/酸味,South Asia,India,チャツネ,snack_or_breakfast,"豆,発酵,蒸す",イドゥリ,豆粉生地を蒸す食品,https://en.wikipedia.org/wiki/Dhokla,0.55,needs_review,high_pulse_crop; see FAOSTAT pulses,medium,medium,medium,164,cooked chickpeas,subjective_medium,low,"fermented, sour",short_prepared,eat fresh or refrigerate cooked portions,regional,https://fdc.nal.usda.gov/; https://www.fao.org/faostat/; https://www.fao.org/giews/food-prices/price-tool/en/,0.35,"Coarse starter estimate. Verify calories, prices, production and storage before product use."
136,リッティ,Litti,Litti,grain_legume,"wheat, roasted gram",stuffed ball,団子/球,詰める,焼く,false,香ばしい/密度あり,South Asia,India,"チョカ, ギー",common_meal,"小麦,団子,インド",バーティ,粉豆入りの焼き団子,https://en.wikipedia.org/wiki/Litti,0.55,needs_review,very_high_global_crop; see FAOSTAT,low,medium,high,260,bread/cooked average,subjective_medium,low,"mild, toasty",short_prepared,eat fresh or refrigerate cooked portions,regional,https://fdc.nal.usda.gov/; https://www.fao.org/faostat/; https://www.fao.org/giews/food-prices/price-tool/en/,0.35,"Coarse starter estimate. Verify calories, prices, production and storage before product use."
137,サットゥパラータ,Sattu paratha,Sattu paratha,grain_legume,"wheat, roasted gram",stuffed flatbread,薄焼き/具入り,詰める,焼く,false,香ばしい,South Asia,India,"ヨーグルト, ピクルス",common_meal,"小麦,豆粉,薄焼き",アルーパラータ,ロースト豆粉を詰める平パン,https://en.wikipedia.org/wiki/Sattu_paratha,0.55,needs_review,very_high_global_crop; see FAOSTAT,low,medium,high,260,prepared bread average,subjective_medium,low,"mild, toasty",short_to_medium,room temperature short term; freeze for longer storage,regional,https://fdc.nal.usda.gov/; https://www.fao.org/faostat/; https://www.fao.org/giews/food-prices/price-tool/en/,0.35,"Coarse starter estimate. Verify calories, prices, production and storage before product use."
138,ピラフ,Pilaf,Pilaf,grain,rice,rice dish,粒状,炒める/炊く,炊く,false,パラパラ/香り,Middle East/Central Asia,"Iran, Turkey, Central Asia","肉, 野菜",primary_or_common,"米,炊き込み,中東",ビリヤニ,油やスープで炊く米料理,https://en.wikipedia.org/wiki/Pilaf,0.55,needs_review,very_high_global_crop; see FAOSTAT,medium,medium,high,130,cooked,subjective_medium_high,low,mild,short_prepared,eat fresh or refrigerate cooked portions,high_regional,https://fdc.nal.usda.gov/; https://www.fao.org/faostat/; https://www.fao.org/giews/food-prices/price-tool/en/,0.35,"Coarse starter estimate. Verify calories, prices, production and storage before product use."
139,カブサ,Kabsa,Kabsa,grain,rice,spiced rice dish,粒状,香辛料,炊く,false,香り/パラパラ,Middle East,Saudi Arabia,"肉, 野菜",primary_or_common,"米,スパイス,アラビア",マンディ,アラビア半島の香辛料米料理,https://en.wikipedia.org/wiki/Kabsa,0.55,needs_review,very_high_global_crop; see FAOSTAT,medium,medium,high,130,cooked,subjective_medium_high,low,spiced,short_prepared,eat fresh or refrigerate cooked portions,high_regional,https://fdc.nal.usda.gov/; https://www.fao.org/faostat/; https://www.fao.org/giews/food-prices/price-tool/en/,0.35,"Coarse starter estimate. Verify calories, prices, production and storage before product use."
140,マンディ,Mandi,Mandi,grain,rice,spiced rice dish,粒状,香辛料/燻す,炊く,false,香り/肉の旨味,Middle East,Yemen,肉,primary_or_common,"米,イエメン,肉",カブサ,肉と米の料理,https://en.wikipedia.org/wiki/Mandi,0.55,needs_review,very_high_global_crop; see FAOSTAT,medium,medium,high,130,cooked,subjective_medium_high,low,spiced,short_prepared,eat fresh or refrigerate cooked portions,high_regional,https://fdc.nal.usda.gov/; https://www.fao.org/faostat/; https://www.fao.org/giews/food-prices/price-tool/en/,0.35,"Coarse starter estimate. Verify calories, prices, production and storage before product use."
141,マクルーバ,Maqluba,Maqluba,grain,rice,layered rice dish,層状/粒,重ねる,炊く,false,粒状/香り,Middle East,Levant,"肉, 野菜",common_meal,"米,中東,重ねる",ピラフ,鍋を返して盛る米料理,https://en.wikipedia.org/wiki/Maqluba,0.55,needs_review,very_high_global_crop; see FAOSTAT,medium,medium,high,130,cooked,subjective_medium,low,mild,short_prepared,eat fresh or refrigerate cooked portions,regional,https://fdc.nal.usda.gov/; https://www.fao.org/faostat/; https://www.fao.org/giews/food-prices/price-tool/en/,0.35,"Coarse starter estimate. Verify calories, prices, production and storage before product use."
142,ムジャッダラ,Mujaddara,Mujaddara,grain_legume,"rice, lentils",mixed rice dish,粒状,煮る/炒める,炊く,false,粒状/豆の旨味,Middle East,Levant,"玉ねぎ, ヨーグルト",common_meal,"米,レンズ豆,中東",キチュリ,米とレンズ豆の料理,https://en.wikipedia.org/wiki/Mujaddara,0.55,needs_review,very_high_global_crop; see FAOSTAT,medium,medium,high,130,cooked,subjective_medium,low,mild,short_prepared,eat fresh or refrigerate cooked portions,regional,https://fdc.nal.usda.gov/; https://www.fao.org/faostat/; https://www.fao.org/giews/food-prices/price-tool/en/,0.35,"Coarse starter estimate. Verify calories, prices, production and storage before product use."
143,フリーカ,Freekeh,Freekeh,grain,wheat,roasted green wheat,粒状,青麦を焙煎,煮る,false,香ばしい/粒状,Middle East,Levant,"肉, 野菜",primary_or_common,"小麦,焙煎,中東",ブルグル,焙煎した若い小麦,https://en.wikipedia.org/wiki/Freekeh,0.55,needs_review,very_high_global_crop; see FAOSTAT,low,medium,medium,260,bread/cooked average,subjective_medium_high,low,mild,short_prepared,eat fresh or refrigerate cooked portions,high_regional,https://fdc.nal.usda.gov/; https://www.fao.org/faostat/; https://www.fao.org/giews/food-prices/price-tool/en/,0.35,"Coarse starter estimate. Verify calories, prices, production and storage before product use."
144,ハリース,Harees,Harees,grain,wheat,porridge,粥,小麦を煮込む,煮る,false,とろみ/濃厚,Middle East,Gulf,"肉, ギー",ritual_or_common,"小麦,粥,湾岸",カーシャ,小麦と肉の粥,https://en.wikipedia.org/wiki/Harees,0.55,needs_review,very_high_global_crop; see FAOSTAT,low,medium,medium,80,cooked porridge average,subjective_medium,low,mild,short_prepared,eat fresh or refrigerate cooked portions,regional,https://fdc.nal.usda.gov/; https://www.fao.org/faostat/; https://www.fao.org/giews/food-prices/price-tool/en/,0.35,"Coarse starter estimate. Verify calories, prices, production and storage before product use."
145,ジャリーシュ,Jareesh,Jareesh,grain,wheat,cracked wheat porridge,粥/挽き割り,砕く,煮る,false,柔らかい/粒状,Middle East,Arabian Peninsula,"肉, ヨーグルト",common_meal,"小麦,挽き割り",ブルグル,挽き割り小麦の粥,https://en.wikipedia.org/wiki/Jareesh,0.55,needs_review,very_high_global_crop; see FAOSTAT,low,medium,medium,80,cooked porridge average,subjective_medium,low,mild,short_prepared,eat fresh or refrigerate cooked portions,regional,https://fdc.nal.usda.gov/; https://www.fao.org/faostat/; https://www.fao.org/giews/food-prices/price-tool/en/,0.35,"Coarse starter estimate. Verify calories, prices, production and storage before product use."
146,ホブズ,Khubz,Khubz,grain,wheat,flatbread,丸い薄パン,製粉/発酵,焼く,true,柔らかい,Middle East,Arab world,"ディップ, 肉, 野菜",primary_staple,"小麦,パン,中東",ピタ,アラブ圏のパン,https://en.wikipedia.org/wiki/Khubz,0.55,needs_review,very_high_global_crop; see FAOSTAT,low,medium,high,260,prepared bread average,subjective_medium_high,low,"fermented, toasty",short_to_medium,room temperature short term; freeze for longer storage,high_regional,https://fdc.nal.usda.gov/; https://www.fao.org/faostat/; https://www.fao.org/giews/food-prices/price-tool/en/,0.35,"Coarse starter estimate. Verify calories, prices, production and storage before product use."
147,マルクーク,Markook,Markook,grain,wheat,thin flatbread,非常に薄い,製粉/練る,焼く,false,薄い/しなやか,Middle East,Levant,"巻く, 添える",primary_or_common,"小麦,薄焼き,中東",ラヴァシュ,薄い平パン,https://en.wikipedia.org/wiki/Markook,0.55,needs_review,very_high_global_crop; see FAOSTAT,low,medium,high,260,prepared bread average,subjective_medium_high,low,"mild, toasty",short_to_medium,room temperature short term; freeze for longer storage,high_regional,https://fdc.nal.usda.gov/; https://www.fao.org/faostat/; https://www.fao.org/giews/food-prices/price-tool/en/,0.35,"Coarse starter estimate. Verify calories, prices, production and storage before product use."
148,サンガク,Sangak,Sangak,grain,wheat,flatbread,大きい薄パン,製粉/発酵,焼く,true,香ばしい/平たい,Middle East,Iran,"チーズ, ハーブ, ケバブ",primary_staple,"小麦,イラン,パン",バルバリ,イランの石焼きパン,https://en.wikipedia.org/wiki/Sangak,0.55,needs_review,very_high_global_crop; see FAOSTAT,low,medium,high,260,prepared bread average,subjective_medium_high,low,"fermented, toasty",short_to_medium,room temperature short term; freeze for longer storage,high_regional,https://fdc.nal.usda.gov/; https://www.fao.org/faostat/; https://www.fao.org/giews/food-prices/price-tool/en/,0.35,"Coarse starter estimate. Verify calories, prices, production and storage before product use."
149,バルバリ,Barbari bread,Nan-e barbari,grain,wheat,bread,楕円のパン,製粉/発酵,焼く,true,外は香ばしい/中柔らかい,Middle East,Iran,"チーズ, 茶",primary_or_common,"小麦,イラン,パン",サンガク,イランの厚めのパン,https://en.wikipedia.org/wiki/Barbari_bread,0.55,needs_review,very_high_global_crop; see FAOSTAT,low,medium,high,260,prepared bread average,subjective_medium_high,low,"fermented, toasty",short_to_medium,room temperature short term; freeze for longer storage,high_regional,https://fdc.nal.usda.gov/; https://www.fao.org/faostat/; https://www.fao.org/giews/food-prices/price-tool/en/,0.35,"Coarse starter estimate. Verify calories, prices, production and storage before product use."
150,タフタン,Taftan,Taftan,grain,wheat,leavened bread,平たいパン,製粉/発酵,焼く,true,柔らかい/香り,Middle East,"Iran, Pakistan","カレー, ケバブ",common_meal,"小麦,発酵,パン",ナン,サフランや乳を使うパン,https://en.wikipedia.org/wiki/Taftan,0.55,needs_review,very_high_global_crop; see FAOSTAT,low,medium,high,260,prepared bread average,subjective_medium,low,"fermented, toasty",short_to_medium,room temperature short term; freeze for longer storage,regional,https://fdc.nal.usda.gov/; https://www.fao.org/faostat/; https://www.fao.org/giews/food-prices/price-tool/en/,0.35,"Coarse starter estimate. Verify calories, prices, production and storage before product use."
151,マッツァー,Matzo,Matzo,grain,wheat,unleavened flatbread,薄いクラッカー状,製粉/練る,焼く,false,ぱりぱり,Middle East/Jewish diaspora,Jewish communities,"儀礼食, スープ",ritual_or_special,"小麦,無発酵,薄焼き",クラッカー,過越祭に関連する無発酵パン,https://en.wikipedia.org/wiki/Matzo,0.55,needs_review,very_high_global_crop; see FAOSTAT,low,medium,high,260,prepared bread average,subjective_medium,low,"mild, toasty",short_to_medium,room temperature short term; freeze for longer storage,regional,https://fdc.nal.usda.gov/; https://www.fao.org/faostat/; https://www.fao.org/giews/food-prices/price-tool/en/,0.35,"Coarse starter estimate. Verify calories, prices, production and storage before product use."
152,ハッラー,Challah,Challah,grain,wheat,enriched bread,編みパン,製粉/発酵,焼く,true,柔らかい/甘み,Jewish diaspora,Jewish communities,"食事, 祝祭",ritual_or_special,"小麦,パン,発酵",パン,卵入りの祝祭パン,https://en.wikipedia.org/wiki/Challah,0.55,needs_review,very_high_global_crop; see FAOSTAT,low,medium,high,260,prepared bread average,subjective_medium,low,"fermented, toasty",short_to_medium,room temperature short term; freeze for longer storage,regional,https://fdc.nal.usda.gov/; https://www.fao.org/faostat/; https://www.fao.org/giews/food-prices/price-tool/en/,0.35,"Coarse starter estimate. Verify calories, prices, production and storage before product use."
153,エバ,Ẹba,Ẹ̀bà,root,cassava garri,stiff dough,塊,ガリを湯で練る,練る,true,もちっと/硬め,West Africa,Nigeria,"スープ, シチュー",primary_staple,"キャッサバ,ガリ,ナイジェリア",フフ,ガリから作る練り主食,https://en.wikipedia.org/wiki/ba,0.55,needs_review,high_tropical_root_crop; see FAOSTAT,low,high,high,160,boiled root/product average,subjective_medium_high,low,fermented,medium_long,dried/fermented products airtight,high_regional,https://fdc.nal.usda.gov/; https://www.fao.org/faostat/; https://www.fao.org/giews/food-prices/price-tool/en/,0.35,"Coarse starter estimate. Verify calories, prices, production and storage before product use."
154,アマラ,Amala,Àmàlà,tuber,yam flour,stiff dough,塊,乾燥粉化,練る,false,滑らか/濃色,West Africa,Nigeria,"エウェドゥ, スープ",primary_staple,"ヤム,粉,ナイジェリア",フフ,ヤム粉を湯で練る主食,https://en.wikipedia.org/wiki/Amala,0.55,needs_review,important_tropical_tuber; see FAOSTAT,medium,medium,high,116,boiled tuber,subjective_medium_high,low,mild,long_shelf_stable,store dry and airtight,high_regional,https://fdc.nal.usda.gov/; https://www.fao.org/faostat/; https://www.fao.org/giews/food-prices/price-tool/en/,0.35,"Coarse starter estimate. Verify calories, prices, production and storage before product use."
155,パウンデッドヤム,Pounded yam,Iyan,tuber,yam,pounded dough,塊,茹でる/搗く,搗く,false,もちもち,West Africa,"Nigeria, Ghana","スープ, シチュー",primary_staple,"ヤム,搗く,西アフリカ",フフ,茹でたヤムを搗く主食,https://en.wikipedia.org/wiki/Pounded_yam,0.55,needs_review,important_tropical_tuber; see FAOSTAT,medium,medium,high,116,boiled tuber,subjective_medium_high,low,mild,medium,cool dry ventilated place,high_regional,https://fdc.nal.usda.gov/; https://www.fao.org/faostat/; https://www.fao.org/giews/food-prices/price-tool/en/,0.35,"Coarse starter estimate. Verify calories, prices, production and storage before product use."
156,トゥオシンカファ,Tuwo shinkafa,Tuwo shinkafa,grain,rice,stiff rice pudding,塊,米を煮潰す,煮る,false,柔らかい/粘る,West Africa,Nigeria,"スープ, ソース",primary_staple,"米,ナイジェリア,塊",ウガリ,米を柔らかく煮て練る主食,https://en.wikipedia.org/wiki/Tuwo_shinkafa,0.55,needs_review,very_high_global_crop; see FAOSTAT,medium,medium,high,130,cooked,subjective_medium_high,low,mild,short_prepared,eat fresh or refrigerate cooked portions,high_regional,https://fdc.nal.usda.gov/; https://www.fao.org/faostat/; https://www.fao.org/giews/food-prices/price-tool/en/,0.35,"Coarse starter estimate. Verify calories, prices, production and storage before product use."
157,トゥオマサラ,Tuwo masara,Tuwo masara,grain,maize,stiff porridge,塊,製粉,練り煮る,false,硬め,West Africa,Nigeria,"スープ, ソース",primary_staple,"とうもろこし,ナイジェリア",ウガリ,トウモロコシ粉の練り粥,https://en.wikipedia.org/wiki/Tuwo_masara,0.55,needs_review,very_high_global_crop; see FAOSTAT,low,medium_high,high,80,cooked porridge average,subjective_medium_high,low,mild,short_prepared,eat fresh or refrigerate cooked portions,high_regional,https://fdc.nal.usda.gov/; https://www.fao.org/faostat/; https://www.fao.org/giews/food-prices/price-tool/en/,0.35,"Coarse starter estimate. Verify calories, prices, production and storage before product use."
158,ワチェ,Waakye,Waakye,grain_legume,"rice, beans",mixed rice dish,粒状,炊く,炊く,false,粒状/豆,West Africa,Ghana,"肉, 卵, ソース",common_meal,"米,豆,ガーナ",ライスアンドビーンズ,米と豆を炊くガーナ料理,https://en.wikipedia.org/wiki/Waakye,0.55,needs_review,very_high_global_crop; see FAOSTAT,medium,medium,high,130,cooked,subjective_medium,low,mild,short_prepared,eat fresh or refrigerate cooked portions,regional,https://fdc.nal.usda.gov/; https://www.fao.org/faostat/; https://www.fao.org/giews/food-prices/price-tool/en/,0.35,"Coarse starter estimate. Verify calories, prices, production and storage before product use."
159,ジョロフライス,Jollof rice,Jollof rice,grain,rice,tomato rice dish,粒状,トマトソースで炊く,炊く,false,香辛料/粒状,West Africa,"Nigeria, Ghana, Senegal","肉, 魚, 野菜",primary_or_common,"米,トマト,西アフリカ",チェブジェン,西アフリカの代表的な味付け米,https://en.wikipedia.org/wiki/Jollof_rice,0.55,needs_review,very_high_global_crop; see FAOSTAT,medium,medium,high,130,cooked,subjective_medium_high,low,mild,short_prepared,eat fresh or refrigerate cooked portions,high_regional,https://fdc.nal.usda.gov/; https://www.fao.org/faostat/; https://www.fao.org/giews/food-prices/price-tool/en/,0.35,"Coarse starter estimate. Verify calories, prices, production and storage before product use."
160,チェブジェン,Thieboudienne,Ceebu jën,grain,rice,fish rice dish,粒状,魚と炊く,炊く,false,魚の旨味/粒状,West Africa,Senegal,"魚, 野菜",primary_staple,"米,魚,セネガル",ジョロフライス,魚と米を中心にしたセネガル料理,https://en.wikipedia.org/wiki/Thieboudienne,0.55,needs_review,very_high_global_crop; see FAOSTAT,medium,medium,high,130,cooked,subjective_medium_high,low,mild,short_prepared,eat fresh or refrigerate cooked portions,high_regional,https://fdc.nal.usda.gov/; https://www.fao.org/faostat/; https://www.fao.org/giews/food-prices/price-tool/en/,0.35,"Coarse starter estimate. Verify calories, prices, production and storage before product use."
161,トー,Tô,Tô,grain,"millet, sorghum, maize",stiff porridge,塊,製粉,練り煮る,false,硬め,West Africa,"Burkina Faso, Mali","ソース, シチュー",primary_staple,"ミレット,ソルガム,西アフリカ",ウガリ,サヘル地域の練り粥,https://en.wikipedia.org/wiki/T,0.55,needs_review,important_dryland_cereal; see FAOSTAT,low,high,high,80,cooked porridge average,subjective_medium_high,low,"mild, nutty",short_prepared,eat fresh or refrigerate cooked portions,high_regional,https://fdc.nal.usda.gov/; https://www.fao.org/faostat/; https://www.fao.org/giews/food-prices/price-tool/en/,0.35,"Coarse starter estimate. Verify calories, prices, production and storage before product use."
162,アクプレ,Akple,Akple,grain_root,"maize, cassava",stiff dough,塊,製粉/発酵,練り煮る,true,酸味/もちっと,West Africa,Ghana,"スープ, 魚",primary_staple,"とうもろこし,キャッサバ,ガーナ",バンクー,発酵生地を練る主食,https://en.wikipedia.org/wiki/Akple,0.55,needs_review,very_high_global_crop; see FAOSTAT,low,medium_high,high,110,cooked maize product,subjective_medium_high,low,"fermented, sour",short_prepared,eat fresh or refrigerate cooked portions,high_regional,https://fdc.nal.usda.gov/; https://www.fao.org/faostat/; https://www.fao.org/giews/food-prices/price-tool/en/,0.35,"Coarse starter estimate. Verify calories, prices, production and storage before product use."
163,プラカリ,Placali,Placali,root,cassava,fermented dough,塊,発酵/練る,練る,true,酸味/もちっと,West Africa,Côte d’Ivoire,"ソース, 魚",primary_staple,"キャッサバ,発酵,コートジボワール",アチェケ,発酵キャッサバの練り主食,https://en.wikipedia.org/wiki/Placali,0.55,needs_review,high_tropical_root_crop; see FAOSTAT,low,high,high,160,boiled root/product average,subjective_medium_high,low,"fermented, sour",medium_long,dried/fermented products airtight,high_regional,https://fdc.nal.usda.gov/; https://www.fao.org/faostat/; https://www.fao.org/giews/food-prices/price-tool/en/,0.35,"Coarse starter estimate. Verify calories, prices, production and storage before product use."
164,アシーダ,Aseeda,Aseeda,grain,"wheat, sorghum",stiff porridge,塊,製粉,練り煮る,false,なめらか/硬め,North Africa/Sudan,"Sudan, Yemen","シチュー, 蜂蜜",primary_or_common,"小麦,ソルガム,練り粥",ウガリ,小麦やソルガムの練り主食,https://en.wikipedia.org/wiki/Aseeda,0.55,needs_review,very_high_global_crop; see FAOSTAT,low,medium,high,80,cooked porridge average,subjective_medium_high,low,mild,short_prepared,eat fresh or refrigerate cooked portions,high_regional,https://fdc.nal.usda.gov/; https://www.fao.org/faostat/; https://www.fao.org/giews/food-prices/price-tool/en/,0.35,"Coarse starter estimate. Verify calories, prices, production and storage before product use."
165,キスラ,Kisra,Kisra,grain,sorghum,fermented flatbread,薄焼き,発酵/製粉,焼く,true,酸味/薄い,North Africa,Sudan,"シチュー, ソース",primary_staple,"ソルガム,発酵,スーダン",インジェラ,発酵ソルガムの薄焼き,https://en.wikipedia.org/wiki/Kisra,0.55,needs_review,important_dryland_cereal; see FAOSTAT,low,high,high,230,prepared flatbread average,subjective_medium_high,low,"fermented, sour, toasty, nutty",short_to_medium,room temperature short term; freeze for longer storage,high_regional,https://fdc.nal.usda.gov/; https://www.fao.org/faostat/; https://www.fao.org/giews/food-prices/price-tool/en/,0.35,"Coarse starter estimate. Verify calories, prices, production and storage before product use."
166,ラグマン,Lagman,Laghman,grain,wheat,noodle,手延べ麺,練る/伸ばす,茹でる,false,弾力,Central Asia,"Uzbekistan, Kyrgyzstan, Uyghur regions","肉, 野菜, スープ",common_meal,"小麦,麺,中央アジア",ラーメン,中央アジアの手延べ麺料理,https://en.wikipedia.org/wiki/Lagman,0.55,needs_review,very_high_global_crop; see FAOSTAT,low,medium,medium,150,cooked noodle/pasta average,subjective_medium,low,mild,short_prepared,eat fresh or refrigerate cooked portions,regional,https://fdc.nal.usda.gov/; https://www.fao.org/faostat/; https://www.fao.org/giews/food-prices/price-tool/en/,0.35,"Coarse starter estimate. Verify calories, prices, production and storage before product use."
167,プロフ,Plov,Osh/Palov,grain,rice,rice pilaf,粒状,炒める/炊く,炊く,false,油分/香り,Central Asia,"Uzbekistan, Tajikistan","肉, 人参",primary_or_common,"米,中央アジア,ピラフ",ピラフ,中央アジアの米料理,https://en.wikipedia.org/wiki/Plov,0.55,needs_review,very_high_global_crop; see FAOSTAT,medium,medium,medium,130,cooked,subjective_medium_high,low,mild,short_prepared,eat fresh or refrigerate cooked portions,high_regional,https://fdc.nal.usda.gov/; https://www.fao.org/faostat/; https://www.fao.org/giews/food-prices/price-tool/en/,0.35,"Coarse starter estimate. Verify calories, prices, production and storage before product use."
168,バウルサク,Baursak,Baursak,grain,wheat,fried dough,小型揚げパン,製粉/練る,揚げる,false,ふわふわ/油分,Central Asia,"Kazakhstan, Kyrgyzstan","茶, 食事",ritual_or_common,"小麦,揚げパン,中央アジア",プーリー,揚げた小麦生地,https://en.wikipedia.org/wiki/Baursak,0.55,needs_review,very_high_global_crop; see FAOSTAT,low,medium,medium,260,fried prepared food estimate,subjective_medium,low,mild,long,dry flour/grain airtight,regional,https://fdc.nal.usda.gov/; https://www.fao.org/faostat/; https://www.fao.org/giews/food-prices/price-tool/en/,0.35,"Coarse starter estimate. Verify calories, prices, production and storage before product use."
169,マンティ,Manti,Manti,grain,wheat,dumpling,包み団子,製粉/練る/包む,蒸す/茹でる,false,もちっと/具入り,Central Asia,"Turkey, Central Asia","ヨーグルト, ソース",common_meal,"小麦,団子,蒸す",餃子,小麦皮の包み料理,https://en.wikipedia.org/wiki/Manti,0.55,needs_review,very_high_global_crop; see FAOSTAT,low,medium,high,260,bread/cooked average,subjective_medium,low,mild,short_prepared,eat fresh or refrigerate cooked portions,regional,https://fdc.nal.usda.gov/; https://www.fao.org/faostat/; https://www.fao.org/giews/food-prices/price-tool/en/,0.35,"Coarse starter estimate. Verify calories, prices, production and storage before product use."
170,シュペッツレ,Spaetzle,Spätzle,grain,wheat,egg noodle,短い麺,練る/削る,茹でる,false,もちっと,Europe,"Germany, Austria","肉料理, ソース",common_side,"小麦,麺,ドイツ",パスタ,卵入り小麦麺,https://en.wikipedia.org/wiki/Spaetzle,0.55,needs_review,very_high_global_crop; see FAOSTAT,low,medium,medium,150,cooked noodle/pasta average,subjective_medium,low,mild,short_prepared,eat fresh or refrigerate cooked portions,regional,https://fdc.nal.usda.gov/; https://www.fao.org/faostat/; https://www.fao.org/giews/food-prices/price-tool/en/,0.35,"Coarse starter estimate. Verify calories, prices, production and storage before product use."
171,クネーデル,Bread dumplings,Knödel,grain,wheat bread,dumpling,団子,パンを練る,茹でる/蒸す,false,柔らかい/密度あり,Europe,"Germany, Austria, Czechia","肉料理, ソース",common_side,"パン,団子,中欧",ニョッキ,パンや芋の団子,https://en.wikipedia.org/wiki/Bread_dumplings,0.55,needs_review,very_high_global_crop; see FAOSTAT,low,medium,high,260,bread/cooked average,subjective_medium,low,mild,short_prepared,eat fresh or refrigerate cooked portions,regional,https://fdc.nal.usda.gov/; https://www.fao.org/faostat/; https://www.fao.org/giews/food-prices/price-tool/en/,0.35,"Coarse starter estimate. Verify calories, prices, production and storage before product use."
172,ハルシュキ,Halušky,Halušky,tuber_grain,"potato, wheat",dumpling/noodle,小団子,すりおろす/練る,茹でる,false,もちっと,Europe,Slovakia,"チーズ, ベーコン",common_meal,"じゃがいも,団子,スロバキア",ニョッキ,小さなじゃがいも団子,https://en.wikipedia.org/wiki/Halu_ky,0.55,needs_review,very_high_root_crop; see FAOSTAT,low,medium,high,150,cooked noodle/pasta average,subjective_medium,low,mild,short_prepared,eat fresh or refrigerate cooked portions,regional,https://fdc.nal.usda.gov/; https://www.fao.org/faostat/; https://www.fao.org/giews/food-prices/price-tool/en/,0.35,"Coarse starter estimate. Verify calories, prices, production and storage before product use."
173,ピエロギ,Pierogi,Pierogi,grain,wheat,dumpling,半月形,練る/包む,茹でる/焼く,false,もちっと/具入り,Europe,Poland,"じゃがいも, チーズ, 肉",common_meal,"小麦,団子,ポーランド",ヴァレニキ,詰め物入り小麦団子,https://en.wikipedia.org/wiki/Pierogi,0.55,needs_review,very_high_global_crop; see FAOSTAT,low,medium,high,260,bread/cooked average,subjective_medium,low,"mild, toasty",short_prepared,eat fresh or refrigerate cooked portions,regional,https://fdc.nal.usda.gov/; https://www.fao.org/faostat/; https://www.fao.org/giews/food-prices/price-tool/en/,0.35,"Coarse starter estimate. Verify calories, prices, production and storage before product use."
174,ヴァレニキ,Varenyky,Varenyky,grain,wheat,dumpling,半月形,練る/包む,茹でる,false,もちっと/具入り,Europe,Ukraine,サワークリーム,common_meal,"小麦,団子,ウクライナ",ピエロギ,詰め物入り団子,https://en.wikipedia.org/wiki/Varenyky,0.55,needs_review,very_high_global_crop; see FAOSTAT,low,medium,high,260,bread/cooked average,subjective_medium,low,mild,short_prepared,eat fresh or refrigerate cooked portions,regional,https://fdc.nal.usda.gov/; https://www.fao.org/faostat/; https://www.fao.org/giews/food-prices/price-tool/en/,0.35,"Coarse starter estimate. Verify calories, prices, production and storage before product use."
175,ペリメニ,Pelmeni,Pelmeni,grain,wheat,dumpling,小型包み,練る/包む,茹でる,false,もちっと/肉入り,Europe,Russia,"サワークリーム, 酢",common_meal,"小麦,団子,ロシア",餃子,肉入り小麦団子,https://en.wikipedia.org/wiki/Pelmeni,0.55,needs_review,very_high_global_crop; see FAOSTAT,low,medium,high,260,bread/cooked average,subjective_medium,low,mild,short_prepared,eat fresh or refrigerate cooked portions,regional,https://fdc.nal.usda.gov/; https://www.fao.org/faostat/; https://www.fao.org/giews/food-prices/price-tool/en/,0.35,"Coarse starter estimate. Verify calories, prices, production and storage before product use."
176,ブリヌイ,Blini,Blini,grain,"wheat, buckwheat",pancake,薄焼き,発酵することも,焼く,false,柔らかい/薄い,Europe,Russia,"スメタナ, 魚卵",common_or_festive,"小麦,そば粉,薄焼き",クレープ,ロシアの薄焼きパンケーキ,https://en.wikipedia.org/wiki/Blini,0.55,needs_review,very_high_global_crop; see FAOSTAT,low,medium,medium,230,prepared flatbread average,subjective_medium,low,"mild, toasty",long,dry flour/grain airtight,regional,https://fdc.nal.usda.gov/; https://www.fao.org/faostat/; https://www.fao.org/giews/food-prices/price-tool/en/,0.35,"Coarse starter estimate. Verify calories, prices, production and storage before product use."
177,ガレット,Galette Bretonne,Galette de sarrasin,pseudocereal,buckwheat,crepe,薄焼き,製粉/生地化,焼く,false,香ばしい/薄い,Europe,France,"卵, チーズ, ハム",common_meal,"そば粉,薄焼き,フランス",クレープ,ブルターニュのそば粉クレープ,https://en.wikipedia.org/wiki/Galette_Bretonne,0.55,needs_review,regional_pseudocereal,medium,medium,medium,230,prepared flatbread average,subjective_medium,low,"mild, toasty, nutty",long,dry grain/flour airtight,regional,https://fdc.nal.usda.gov/; https://www.fao.org/faostat/; https://www.fao.org/giews/food-prices/price-tool/en/,0.35,"Coarse starter estimate. Verify calories, prices, production and storage before product use."
178,クレープ,Crepe,Crêpe,grain,wheat,crepe,薄焼き,製粉/生地化,焼く,false,薄い/柔らかい,Europe,France,"甘味, 具材",common_meal,"小麦,薄焼き,フランス",ガレット,薄い小麦パンケーキ,https://en.wikipedia.org/wiki/Crepe,0.55,needs_review,very_high_global_crop; see FAOSTAT,low,medium,medium,230,prepared flatbread average,subjective_medium,low,"mild, toasty",long,dry flour/grain airtight,regional,https://fdc.nal.usda.gov/; https://www.fao.org/faostat/; https://www.fao.org/giews/food-prices/price-tool/en/,0.35,"Coarse starter estimate. Verify calories, prices, production and storage before product use."
179,オートミール,Oatmeal,Oatmeal,grain,oats,porridge,粥,オーツを圧延,煮る,false,柔らかい/粘り,Europe/North America,"UK, Ireland, US","牛乳, 果物",common_breakfast,"オーツ,粥,朝食",カーシャ,オーツ粥,https://en.wikipedia.org/wiki/Oatmeal,0.55,needs_review,high_temperate_cereal; see FAOSTAT,medium,medium,medium,80,cooked porridge average,subjective_medium,low,mild,short_prepared,eat fresh or refrigerate cooked portions,regional,https://fdc.nal.usda.gov/; https://www.fao.org/faostat/; https://www.fao.org/giews/food-prices/price-tool/en/,0.35,"Coarse starter estimate. Verify calories, prices, production and storage before product use."
180,ソーダブレッド,Soda bread,Soda bread,grain,wheat,bread,塊,重曹で膨らませる,焼く,false,密度あり/柔らかい,Europe,Ireland,"バター, スープ",common_bread,"小麦,パン,アイルランド",パン,重曹で膨らませるパン,https://en.wikipedia.org/wiki/Soda_bread,0.55,needs_review,very_high_global_crop; see FAOSTAT,low,medium,high,260,prepared bread average,subjective_medium,low,"mild, toasty",short_to_medium,room temperature short term; freeze for longer storage,regional,https://fdc.nal.usda.gov/; https://www.fao.org/faostat/; https://www.fao.org/giews/food-prices/price-tool/en/,0.35,"Coarse starter estimate. Verify calories, prices, production and storage before product use."
181,ポテトブレッド,Potato bread,Potato bread,tuber_grain,"potato, wheat",bread,平たい/塊,潰す/練る,焼く,false,柔らかい,Europe,"Ireland, Scotland, Europe","バター, 食事",common_side,"じゃがいも,パン",ニョッキ,じゃがいもを混ぜたパン,https://en.wikipedia.org/wiki/Potato_bread,0.55,needs_review,very_high_root_crop; see FAOSTAT,low,medium,high,87,boiled tuber,subjective_medium,low,"mild, toasty",short_to_medium,room temperature short term; freeze for longer storage,regional,https://fdc.nal.usda.gov/; https://www.fao.org/faostat/; https://www.fao.org/giews/food-prices/price-tool/en/,0.35,"Coarse starter estimate. Verify calories, prices, production and storage before product use."
182,クリスプブレッド,Crispbread,Knäckebröd,grain,rye,crispbread,薄い板状,製粉/焼く/乾燥,焼く,false,ぱりぱり,Europe,Scandinavia,"チーズ, 魚",common_bread,"ライ麦,薄い,北欧",ライ麦パン,保存性の高い薄焼きパン,https://en.wikipedia.org/wiki/Crispbread,0.55,needs_review,temperate_cereal; see FAOSTAT,medium,medium,high,260,prepared bread average,subjective_medium,low,"mild, toasty",long_shelf_stable,store dry and airtight,regional,https://fdc.nal.usda.gov/; https://www.fao.org/faostat/; https://www.fao.org/giews/food-prices/price-tool/en/,0.35,"Coarse starter estimate. Verify calories, prices, production and storage before product use."
183,ダンパー,Damper,Damper,grain,wheat,bread,塊,練る,焼く,false,密度あり,Oceania,Australia,"バター, シロップ",historical_or_common,"小麦,パン,オーストラリア",ソーダブレッド,豪州の簡易パン,https://en.wikipedia.org/wiki/Damper,0.55,needs_review,very_high_global_crop; see FAOSTAT,low,medium,high,260,prepared bread average,subjective_medium,low,"mild, toasty",short_to_medium,room temperature short term; freeze for longer storage,regional,https://fdc.nal.usda.gov/; https://www.fao.org/faostat/; https://www.fao.org/giews/food-prices/price-tool/en/,0.35,"Coarse starter estimate. Verify calories, prices, production and storage before product use."
184,コーンブレッド,Cornbread,Cornbread,grain,maize,bread,塊/スライス,製粉/生地化,焼く,false,ほろほろ/甘み,North America,United States,"肉料理, 豆",common_side,"とうもろこし,パン,米国",ポレンタ,トウモロコシ粉のパン,https://en.wikipedia.org/wiki/Cornbread,0.55,needs_review,very_high_global_crop; see FAOSTAT,low,medium_high,high,110,cooked maize product,subjective_medium,low,"mild, toasty",short_to_medium,room temperature short term; freeze for longer storage,regional,https://fdc.nal.usda.gov/; https://www.fao.org/faostat/; https://www.fao.org/giews/food-prices/price-tool/en/,0.35,"Coarse starter estimate. Verify calories, prices, production and storage before product use."
185,ビスケット,American biscuits,Biscuits,grain,wheat,quick bread,小型パン,重曹/バター,焼く,false,さっくり/柔らかい,North America,United States,"グレイビー, バター",common_side,"小麦,パン,米国",スコーン,米国式クイックブレッド,https://en.wikipedia.org/wiki/American_biscuits,0.55,needs_review,very_high_global_crop; see FAOSTAT,low,medium,high,260,prepared bread average,subjective_medium,low,"mild, toasty",short_to_medium,room temperature short term; freeze for longer storage,regional,https://fdc.nal.usda.gov/; https://www.fao.org/faostat/; https://www.fao.org/giews/food-prices/price-tool/en/,0.35,"Coarse starter estimate. Verify calories, prices, production and storage before product use."
186,パンケーキ,Pancakes,Pancakes,grain,wheat,pancake,丸い薄焼き,生地化,焼く,false,ふわふわ/甘い,North America/Global,Global,"シロップ, 果物",common_breakfast,"小麦,薄焼き,朝食",クレープ,小麦生地を焼く朝食,https://en.wikipedia.org/wiki/Pancakes,0.55,needs_review,very_high_global_crop; see FAOSTAT,low,medium,medium,230,prepared flatbread average,subjective_medium_high,low,"mild, toasty",long,dry flour/grain airtight,global_common,https://fdc.nal.usda.gov/; https://www.fao.org/faostat/; https://www.fao.org/giews/food-prices/price-tool/en/,0.35,"Coarse starter estimate. Verify calories, prices, production and storage before product use."
187,ワッフル,Waffles,Waffles,grain,wheat,waffle,格子状,生地化,焼く,false,外はさくっと/甘い,Europe/North America,Global,"シロップ, 果物",common_breakfast,"小麦,焼く,格子",パンケーキ,型で焼く生地料理,https://en.wikipedia.org/wiki/Waffles,0.55,needs_review,very_high_global_crop; see FAOSTAT,low,medium,medium,260,bread/cooked average,subjective_medium_high,low,"mild, toasty",short_prepared,eat fresh or refrigerate cooked portions,global_common,https://fdc.nal.usda.gov/; https://www.fao.org/faostat/; https://www.fao.org/giews/food-prices/price-tool/en/,0.35,"Coarse starter estimate. Verify calories, prices, production and storage before product use."
188,ベーグル,Bagel,Bagel,grain,wheat,bread ring,輪形,発酵/茹でる,茹でる/焼く,true,もちっと/密度あり,North America/Jewish diaspora,Global,"クリームチーズ, 魚",common_bread,"小麦,茹でる,パン",パン,茹でてから焼く輪形パン,https://en.wikipedia.org/wiki/Bagel,0.55,needs_review,very_high_global_crop; see FAOSTAT,low,medium,high,260,prepared bread average,subjective_medium_high,low,"fermented, toasty",short_to_medium,room temperature short term; freeze for longer storage,global_common,https://fdc.nal.usda.gov/; https://www.fao.org/faostat/; https://www.fao.org/giews/food-prices/price-tool/en/,0.35,"Coarse starter estimate. Verify calories, prices, production and storage before product use."
189,フライブレッド,Frybread,Frybread,grain,wheat,fried bread,平たい揚げパン,練る,揚げる,false,油分/もちっと,North America,Indigenous North America,"豆, 肉, 甘味",historical_or_common,"小麦,揚げパン,北米",プーリー,揚げた小麦生地,https://en.wikipedia.org/wiki/Frybread,0.55,needs_review,very_high_global_crop; see FAOSTAT,low,medium,high,260,prepared bread average,subjective_medium,low,mild,short_to_medium,room temperature short term; freeze for longer storage,regional,https://fdc.nal.usda.gov/; https://www.fao.org/faostat/; https://www.fao.org/giews/food-prices/price-tool/en/,0.35,"Coarse starter estimate. Verify calories, prices, production and storage before product use."
190,ワイルドライス,Wild rice dish,Manoomin,grain,wild rice,grain dish,粒状,乾燥/炊く,炊く,false,香ばしい/粒状,North America,Great Lakes,"肉, 魚, 野菜",regional_staple,"ワイルドライス,北米",ご飯,北米先住民の重要な穀物料理,https://en.wikipedia.org/wiki/Wild_rice_dish,0.55,needs_review,very_high_global_crop; see FAOSTAT,medium,medium,high,130,cooked,subjective_medium_high,low,mild,short_prepared,eat fresh or refrigerate cooked portions,high_regional,https://fdc.nal.usda.gov/; https://www.fao.org/faostat/; https://www.fao.org/giews/food-prices/price-tool/en/,0.35,"Coarse starter estimate. Verify calories, prices, production and storage before product use."
191,ベイクドポテト,Baked potato,Baked potato,tuber,potato,whole tuber,塊,洗浄,焼く,false,ほくほく,Europe/North America,Global,"バター, チーズ",common_meal,"じゃがいも,焼く",マッシュポテト,丸ごと焼いたじゃがいも,https://en.wikipedia.org/wiki/Baked_potato,0.55,needs_review,very_high_root_crop; see FAOSTAT,low,medium,high,87,boiled tuber,subjective_medium_high,low,"mild, toasty",medium,cool dark ventilated place,global_common,https://fdc.nal.usda.gov/; https://www.fao.org/faostat/; https://www.fao.org/giews/food-prices/price-tool/en/,0.35,"Coarse starter estimate. Verify calories, prices, production and storage before product use."
192,ゴルディータ,Gordita,Gordita,grain,maize,thick corn cake,厚い円形,製粉/練る,焼く/揚げる,false,厚い/具入り,Mesoamerica,Mexico,"肉, チーズ, 豆",common_meal,"とうもろこし,厚焼き,メキシコ",アレパ,厚いトウモロコシ生地料理,https://en.wikipedia.org/wiki/Gordita,0.55,needs_review,very_high_global_crop; see FAOSTAT,low,medium_high,medium,260,fried prepared food estimate,subjective_medium,low,"mild, toasty",long,dry grain/flour airtight,regional,https://fdc.nal.usda.gov/; https://www.fao.org/faostat/; https://www.fao.org/giews/food-prices/price-tool/en/,0.35,"Coarse starter estimate. Verify calories, prices, production and storage before product use."
193,ソペ,Sopes,Sopes,grain,maize,corn masa base,厚い円形,練る/縁を作る,焼く/揚げる,false,もちっと/具のせ,Mesoamerica,Mexico,"豆, 肉, 野菜",common_meal,"とうもろこし,メキシコ",ゴルディータ,縁のあるトウモロコシ生地,https://en.wikipedia.org/wiki/Sopes,0.55,needs_review,very_high_global_crop; see FAOSTAT,low,medium_high,medium,260,fried prepared food estimate,subjective_medium,low,"mild, toasty",long,dry grain/flour airtight,regional,https://fdc.nal.usda.gov/; https://www.fao.org/faostat/; https://www.fao.org/giews/food-prices/price-tool/en/,0.35,"Coarse starter estimate. Verify calories, prices, production and storage before product use."
194,トラコヨ,Tlacoyo,Tlacoyo,grain_legume,"maize, beans",stuffed masa cake,楕円/具入り,詰める,焼く,false,もちっと,Mesoamerica,Mexico,"豆, チーズ, サルサ",common_meal,"とうもろこし,豆,メキシコ",ププサ,具入りマサ料理,https://en.wikipedia.org/wiki/Tlacoyo,0.55,needs_review,very_high_global_crop; see FAOSTAT,low,medium_high,high,110,cooked maize product,subjective_medium,low,"mild, toasty",short_prepared,eat fresh or refrigerate cooked portions,regional,https://fdc.nal.usda.gov/; https://www.fao.org/faostat/; https://www.fao.org/giews/food-prices/price-tool/en/,0.35,"Coarse starter estimate. Verify calories, prices, production and storage before product use."
195,ワラチェ,Huarache,Huarache,grain,maize,large masa cake,楕円,練る/成形,焼く,false,もちっと/大きい,Mesoamerica,Mexico,"豆, 肉, サルサ",common_meal,"とうもろこし,メキシコ",ソペ,サンダル形のマサ料理,https://en.wikipedia.org/wiki/Huarache,0.55,needs_review,very_high_global_crop; see FAOSTAT,low,medium_high,medium,110,cooked maize product,subjective_medium,low,"mild, toasty",short_prepared,eat fresh or refrigerate cooked portions,regional,https://fdc.nal.usda.gov/; https://www.fao.org/faostat/; https://www.fao.org/giews/food-prices/price-tool/en/,0.35,"Coarse starter estimate. Verify calories, prices, production and storage before product use."
196,ケサディーヤ,Quesadilla,Quesadilla,grain,maize or wheat,filled tortilla,折りたたみ,包む,焼く,false,柔らかい/具入り,Mesoamerica,Mexico,"チーズ, 肉, 野菜",common_meal,"トルティーヤ,チーズ,メキシコ",タコス,トルティーヤに具を挟む料理,https://en.wikipedia.org/wiki/Quesadilla,0.55,needs_review,very_high_global_crop; see FAOSTAT,low,medium_high,medium,110,cooked maize product,subjective_medium,low,"mild, toasty",short_prepared,eat fresh or refrigerate cooked portions,regional,https://fdc.nal.usda.gov/; https://www.fao.org/faostat/; https://www.fao.org/giews/food-prices/price-tool/en/,0.35,"Coarse starter estimate. Verify calories, prices, production and storage before product use."
197,チラキレス,Chilaquiles,Chilaquiles,grain,maize,tortilla chips dish,三角/破片,揚げる/ソース,煮る,false,柔らかい/酸味,Mesoamerica,Mexico,"サルサ, 卵, チーズ",common_breakfast,"トルティーヤ,メキシコ",トスターダ,トルティーヤ片をソースで煮る料理,https://en.wikipedia.org/wiki/Chilaquiles,0.55,needs_review,very_high_global_crop; see FAOSTAT,low,medium_high,medium,110,cooked maize product,subjective_medium,low,mild,short_prepared,eat fresh or refrigerate cooked portions,regional,https://fdc.nal.usda.gov/; https://www.fao.org/faostat/; https://www.fao.org/giews/food-prices/price-tool/en/,0.35,"Coarse starter estimate. Verify calories, prices, production and storage before product use."
198,ポソレ,Pozole,Pozole,grain,maize,hominy stew,粒/スープ,ニシュタマリゼーション,煮る,false,粒状/スープ,Mesoamerica,Mexico,"肉, 野菜",ritual_or_common,"とうもろこし,スープ,メキシコ",アトーレ,ホミニーのスープ,https://en.wikipedia.org/wiki/Pozole,0.55,needs_review,very_high_global_crop; see FAOSTAT,low,medium_high,medium,110,cooked maize product,subjective_medium,low,mild,short_prepared,eat fresh or refrigerate cooked portions,regional,https://fdc.nal.usda.gov/; https://www.fao.org/faostat/; https://www.fao.org/giews/food-prices/price-tool/en/,0.35,"Coarse starter estimate. Verify calories, prices, production and storage before product use."
199,アトーレ,Atole,Atole,grain,maize,thick drink/porridge,飲料/粥,粉化,煮る,false,とろみ/甘い,Mesoamerica,Mexico,"甘味, 朝食",common_breakfast,"とうもろこし,飲む,メキシコ",チャンプラード,トウモロコシ粉の飲む粥,https://en.wikipedia.org/wiki/Atole,0.55,needs_review,very_high_global_crop; see FAOSTAT,low,medium_high,medium,80,cooked porridge average,subjective_medium,low,mild,short_prepared,eat fresh or refrigerate cooked portions,regional,https://fdc.nal.usda.gov/; https://www.fao.org/faostat/; https://www.fao.org/giews/food-prices/price-tool/en/,0.35,"Coarse starter estimate. Verify calories, prices, production and storage before product use."
200,ウミータ,Humita,Humita,grain,maize,steamed corn parcel,包み,すり潰す/包む,蒸す,false,甘み/柔らかい,South America,Andes,"チーズ, ソース",common_meal,"とうもろこし,包む,アンデス",タマレス,南米のトウモロコシ包み蒸し,https://en.wikipedia.org/wiki/Humita,0.55,needs_review,very_high_global_crop; see FAOSTAT,low,medium_high,medium,110,cooked maize product,subjective_medium,low,mild,short_prepared,eat fresh or refrigerate cooked portions,regional,https://fdc.nal.usda.gov/; https://www.fao.org/faostat/; https://www.fao.org/giews/food-prices/price-tool/en/,0.35,"Coarse starter estimate. Verify calories, prices, production and storage before product use."
201,モテ,Mote,Mote,grain,maize,hominy grain,粒,ニシュタマリゼーション,煮る,false,粒状,South America,Andes,"肉, スープ",regional_staple,"とうもろこし,粒,アンデス",ポソレ,処理したトウモロコシ粒,https://en.wikipedia.org/wiki/Mote,0.55,needs_review,very_high_global_crop; see FAOSTAT,low,medium_high,medium,110,cooked maize product,subjective_medium_high,low,mild,short_prepared,eat fresh or refrigerate cooked portions,high_regional,https://fdc.nal.usda.gov/; https://www.fao.org/faostat/; https://www.fao.org/giews/food-prices/price-tool/en/,0.35,"Coarse starter estimate. Verify calories, prices, production and storage before product use."
202,ロクロ,Locro,Locro,grain_tuber,"maize, potato, beans",stew,煮込み,煮る,煮る,false,濃厚/粒状,South America,Andes,"肉, 野菜",common_meal,"とうもろこし,じゃがいも,アンデス",ポソレ,アンデスの濃い煮込み,https://en.wikipedia.org/wiki/Locro,0.55,needs_review,very_high_global_crop; see FAOSTAT,low,medium_high,high,110,cooked maize product,subjective_medium,low,mild,short_prepared,eat fresh or refrigerate cooked portions,regional,https://fdc.nal.usda.gov/; https://www.fao.org/faostat/; https://www.fao.org/giews/food-prices/price-tool/en/,0.35,"Coarse starter estimate. Verify calories, prices, production and storage before product use."
203,タクタク,Tacu tacu,Tacu tacu,grain_legume,"rice, beans",fried patty,塊/焼き固め,混ぜる,焼く/炒める,false,外は香ばしい/中柔らかい,South America,Peru,"肉, 魚, 卵",common_meal,"米,豆,ペルー",ライスアンドビーンズ,米と豆を焼き固める料理,https://en.wikipedia.org/wiki/Tacu_tacu,0.55,needs_review,very_high_global_crop; see FAOSTAT,medium,medium,high,260,fried prepared food estimate,subjective_medium,low,"mild, toasty",medium,dry grain in airtight container,regional,https://fdc.nal.usda.gov/; https://www.fao.org/faostat/; https://www.fao.org/giews/food-prices/price-tool/en/,0.35,"Coarse starter estimate. Verify calories, prices, production and storage before product use."
204,アロスコンガンドゥレス,Arroz con gandules,Arroz con gandules,grain_legume,"rice, pigeon peas",mixed rice dish,粒状,炊く,炊く,false,粒状/豆,Caribbean,Puerto Rico,"肉, ソフリト",common_meal,"米,豆,カリブ",ライスアンドビーンズ,米とキマメの料理,https://en.wikipedia.org/wiki/Arroz_con_gandules,0.55,needs_review,very_high_global_crop; see FAOSTAT,medium,medium,high,130,cooked,subjective_medium,low,mild,short_prepared,eat fresh or refrigerate cooked portions,regional,https://fdc.nal.usda.gov/; https://www.fao.org/faostat/; https://www.fao.org/giews/food-prices/price-tool/en/,0.35,"Coarse starter estimate. Verify calories, prices, production and storage before product use."
205,カサベ,Casabe,Casabe,root,cassava,flatbread,薄い円形,すりおろし/毒抜き/乾燥,焼く,false,ぱりぱり/乾燥,Caribbean/Latin America,"Caribbean, Venezuela","魚, 肉",primary_or_common,"キャッサバ,薄焼き,カリブ",トルティーヤ,キャッサバ粉の薄焼きパン,https://en.wikipedia.org/wiki/Casabe,0.55,needs_review,high_tropical_root_crop; see FAOSTAT,low,high,high,230,prepared flatbread average,subjective_medium_high,low,"mild, toasty",long_shelf_stable,store dry and airtight,high_regional,https://fdc.nal.usda.gov/; https://www.fao.org/faostat/; https://www.fao.org/giews/food-prices/price-tool/en/,0.35,"Coarse starter estimate. Verify calories, prices, production and storage before product use."
206,モフォンゴ,Mofongo,Mofongo,fruit_starch,plantain,mashed plantain,ペースト/塊,揚げる/潰す,揚げる,false,もちっと/香ばしい,Caribbean,Puerto Rico,"肉, ソース",common_meal,"プランテン,潰す,カリブ",フフ,揚げプランテンを潰す料理,https://en.wikipedia.org/wiki/Mofongo,0.55,needs_review,important_tropical_starch_fruit; see FAOSTAT bananas/plantains,medium,medium,medium,260,fried prepared food estimate,subjective_medium,medium,sweet,short_medium,room temp until ripe; cooked short,regional,https://fdc.nal.usda.gov/; https://www.fao.org/faostat/; https://www.fao.org/giews/food-prices/price-tool/en/,0.35,"Coarse starter estimate. Verify calories, prices, production and storage before product use."
207,トストーネス,Tostones,Tostones,fruit_starch,plantain,fried slices,スライス,潰す/二度揚げ,揚げる,false,ぱりぱり/ほくほく,Caribbean/Latin America,Caribbean,"ソース, 肉",common_side,"プランテン,揚げる",モフォンゴ,青いプランテンの二度揚げ,https://en.wikipedia.org/wiki/Tostones,0.55,needs_review,important_tropical_starch_fruit; see FAOSTAT bananas/plantains,medium,medium,medium,260,fried prepared food estimate,subjective_medium,medium,sweet,short_medium,room temp until ripe; cooked short,regional,https://fdc.nal.usda.gov/; https://www.fao.org/faostat/; https://www.fao.org/giews/food-prices/price-tool/en/,0.35,"Coarse starter estimate. Verify calories, prices, production and storage before product use."
208,パステロン,Pastelon,Pastelón,fruit_starch,plantain,casserole,層状,焼く,焼く,false,甘み/柔らかい,Caribbean,Puerto Rico,"肉, チーズ",common_meal,"プランテン,層,カリブ",ラザニア,プランテンを使う層状料理,https://en.wikipedia.org/wiki/Pastelon,0.55,needs_review,important_tropical_starch_fruit; see FAOSTAT bananas/plantains,medium,medium,medium,122,cooked plantain,subjective_medium,medium,"sweet, toasty",short_prepared,eat fresh or refrigerate cooked portions,regional,https://fdc.nal.usda.gov/; https://www.fao.org/faostat/; https://www.fao.org/giews/food-prices/price-tool/en/,0.35,"Coarse starter estimate. Verify calories, prices, production and storage before product use."
209,ポンデケージョ,Pão de queijo,Pão de queijo,root_dairy,"cassava starch, cheese",cheese bread,小型パン,澱粉生地,焼く,false,もちもち/チーズ,South America,Brazil,"そのまま, 朝食",common_snack,"キャッサバ澱粉,チーズ,ブラジル",タピオカ食品,キャッサバ澱粉のチーズパン,https://en.wikipedia.org/wiki/P_o_de_queijo,0.55,needs_review,high_tropical_root_crop; see FAOSTAT,low,high,medium,160,boiled root/product average,subjective_medium,low,"mild, toasty",short_to_medium,room temperature short term; freeze for longer storage,regional,https://fdc.nal.usda.gov/; https://www.fao.org/faostat/; https://www.fao.org/giews/food-prices/price-tool/en/,0.35,"Coarse starter estimate. Verify calories, prices, production and storage before product use."
210,タピオカクレープ,Tapioca crepe,Beiju/Tapioca,root,cassava starch,crepe,薄焼き,澱粉を湿らせる,焼く,false,もちもち,South America,Brazil,"チーズ, ココナッツ, 肉",common_meal,"タピオカ,薄焼き,ブラジル",カサベ,キャッサバ澱粉の薄焼き,https://en.wikipedia.org/wiki/Tapioca_crepe,0.55,needs_review,high_tropical_root_crop; see FAOSTAT,low,high,medium,230,prepared flatbread average,subjective_medium,low,"mild, toasty",medium_long,dried/fermented products airtight,regional,https://fdc.nal.usda.gov/; https://www.fao.org/faostat/; https://www.fao.org/giews/food-prices/price-tool/en/,0.35,"Coarse starter estimate. Verify calories, prices, production and storage before product use."
211,アカラジェ,Acaraje,Acarajé,legume,black-eyed peas,fritters,丸い揚げ物,豆をすり潰す,揚げる,false,外はカリッと/中柔らかい,South America/Brazil,Bahia,"エビ, ソース",street_food,"豆,揚げる,ブラジル",ファラフェル,豆生地を揚げる料理,https://en.wikipedia.org/wiki/Acaraje,0.55,needs_review,regional_or_mixed_ingredient; needs review,medium,medium,high,260,fried prepared food estimate,subjective_medium,low,mild,medium,depends on preparation,regional,https://fdc.nal.usda.gov/; https://www.fao.org/faostat/; https://www.fao.org/giews/food-prices/price-tool/en/,0.35,"Coarse starter estimate. Verify calories, prices, production and storage before product use."
212,ラップラップ,Laplap,Laplap,root_fruit,"taro, yam, breadfruit",baked pudding,包み/塊,すりおろし/包む,焼く/蒸す,false,ねっとり,Oceania,Vanuatu,"ココナッツ, 肉, 魚",primary_staple,"タロイモ,ヤム,バヌアツ",ポイ,根菜を包み焼きにする料理,https://en.wikipedia.org/wiki/Laplap,0.55,needs_review,important_regional_tuber; see FAOSTAT,medium,medium,high,112,boiled tuber,subjective_medium_high,low,"mild, toasty",short_prepared,eat fresh or refrigerate cooked portions,high_regional,https://fdc.nal.usda.gov/; https://www.fao.org/faostat/; https://www.fao.org/giews/food-prices/price-tool/en/,0.35,"Coarse starter estimate. Verify calories, prices, production and storage before product use."
213,パルサミ,Palusami,Palusami,tuber_fruit,"taro leaves, coconut",wrapped dish,包み,包む,蒸す/焼く,false,クリーミー,Oceania,Samoa,"タロイモ, 魚",common_side,"タロイモ,ココナッツ,サモア",ラップラップ,タロイモ葉とココナッツの包み料理,https://en.wikipedia.org/wiki/Palusami,0.55,needs_review,important_regional_tuber; see FAOSTAT,medium,medium,high,112,boiled tuber,subjective_medium,low,"mild, toasty",short_prepared,eat fresh or refrigerate cooked portions,regional,https://fdc.nal.usda.gov/; https://www.fao.org/faostat/; https://www.fao.org/giews/food-prices/price-tool/en/,0.35,"Coarse starter estimate. Verify calories, prices, production and storage before product use."
214,カウカウ,Kaukau,Kaukau,tuber,sweet potato,boiled/roasted tuber,塊,洗浄,焼く/茹でる,false,甘い/ほくほく,Oceania,Papua New Guinea,"魚, 野菜",primary_staple,"さつまいも,パプアニューギニア",サツマイモ,PNGのサツマイモ主食,https://en.wikipedia.org/wiki/Kaukau,0.55,needs_review,high_root_crop; see FAOSTAT,low,medium_high,high,90,boiled tuber,subjective_medium_high,medium,"sweet, toasty",medium,cool dark place,high_regional,https://fdc.nal.usda.gov/; https://www.fao.org/faostat/; https://www.fao.org/giews/food-prices/price-tool/en/,0.35,"Coarse starter estimate. Verify calories, prices, production and storage before product use."
215,クマラ,Kumara,Kūmara,tuber,sweet potato,roasted tuber,塊,洗浄,焼く,false,甘い/ほくほく,Oceania,New Zealand,"肉, 野菜",traditional_staple,"さつまいも,ニュージーランド",サツマイモ,マオリの重要な芋類,https://en.wikipedia.org/wiki/Kumara,0.55,needs_review,high_root_crop; see FAOSTAT,low,medium_high,high,90,boiled tuber,subjective_medium_high,medium,"sweet, toasty",medium,cool dark place,high_regional,https://fdc.nal.usda.gov/; https://www.fao.org/faostat/; https://www.fao.org/giews/food-prices/price-tool/en/,0.35,"Coarse starter estimate. Verify calories, prices, production and storage before product use."
216,サゴパンケーキ,Sago pancake,Saksak-like,palm_starch,sago palm starch,pancake,薄焼き/包み,澱粉抽出,焼く/蒸す,false,もちもち,Oceania/Papua,Papua New Guinea,ココナッツ,regional_staple,"サゴ,パンケーキ,太平洋",サゴ粥,サゴ澱粉の焼き料理,https://en.wikipedia.org/wiki/Sago_pancake,0.55,needs_review,regional_palm_starch,medium,medium,medium,230,prepared flatbread average,subjective_medium_high,low,"mild, toasty",short_prepared,eat fresh or refrigerate cooked portions,high_regional,https://fdc.nal.usda.gov/; https://www.fao.org/faostat/; https://www.fao.org/giews/food-prices/price-tool/en/,0.35,"Coarse starter estimate. Verify calories, prices, production and storage before product use."
217,ローストパンノキ,Roasted breadfruit,Roasted breadfruit,fruit_starch,breadfruit,roasted fruit,塊,皮むき,焼く,false,ほくほく,Oceania/Caribbean,"Pacific Islands, Caribbean","魚, ココナッツ",primary_or_secondary,"パンノキ,焼く",パンノキ,焼いたパンノキ,https://en.wikipedia.org/wiki/Roasted_breadfruit,0.55,needs_review,regional_tropical_starch_fruit,medium,medium,medium,103,cooked breadfruit,subjective_medium_high,medium,"sweet, toasty",short_prepared,eat fresh or refrigerate cooked portions,high_regional,https://fdc.nal.usda.gov/; https://www.fao.org/faostat/; https://www.fao.org/giews/food-prices/price-tool/en/,0.35,"Coarse starter estimate. Verify calories, prices, production and storage before product use."
218,タロプディング,Taro pudding,Taro pudding,tuber,taro,pudding/paste,ペースト,蒸す/潰す,蒸す,false,ねっとり/甘い,Oceania,Pacific Islands,"ココナッツ, 砂糖",common_or_ritual,"タロイモ,プディング",ポイ,タロイモを甘く加工する料理,https://en.wikipedia.org/wiki/Taro_pudding,0.55,needs_review,important_regional_tuber; see FAOSTAT,medium,medium,high,112,boiled tuber,subjective_medium,low,mild,short_prepared,eat fresh or refrigerate cooked portions,regional,https://fdc.nal.usda.gov/; https://www.fao.org/faostat/; https://www.fao.org/giews/food-prices/price-tool/en/,0.35,"Coarse starter estimate. Verify calories, prices, production and storage before product use."
219,タコス,Tacos,Tacos,grain,maize or wheat,filled tortilla,折りたたみ,包む,焼く,false,柔らかい/具入り,Mesoamerica,Mexico,"肉, 野菜, サルサ",common_meal,"トルティーヤ,メキシコ,包む",ケサディーヤ,トルティーヤに具をのせて折る料理,https://en.wikipedia.org/wiki/Tacos,0.55,needs_review,very_high_global_crop; see FAOSTAT,low,medium_high,medium,110,cooked maize product,subjective_medium,low,"mild, toasty",short_prepared,eat fresh or refrigerate cooked portions,regional,https://fdc.nal.usda.gov/; https://www.fao.org/faostat/; https://www.fao.org/giews/food-prices/price-tool/en/,0.35,"Coarse starter estimate. Verify calories, prices, production and storage before product use."
220,トスターダ,Tostada,Tostada,grain,maize,crisp tortilla,薄い円形,揚げる/焼く,揚げる,false,ぱりぱり,Mesoamerica,Mexico,"豆, 肉, 野菜",common_meal,"トルティーヤ,揚げる,メキシコ",チラキレス,揚げたトルティーヤ台,https://en.wikipedia.org/wiki/Tostada,0.55,needs_review,very_high_global_crop; see FAOSTAT,low,medium_high,medium,260,fried prepared food estimate,subjective_medium,low,mild,long,dry grain/flour airtight,regional,https://fdc.nal.usda.gov/; https://www.fao.org/faostat/; https://www.fao.org/giews/food-prices/price-tool/en/,0.35,"Coarse starter estimate. Verify calories, prices, production and storage before product use."
221,エンチラーダ,Enchilada,Enchilada,grain,maize,rolled tortilla,巻き物,包む/ソース,焼く/煮る,false,柔らかい/ソース,Mesoamerica,Mexico,"チリソース, 肉, チーズ",common_meal,"トルティーヤ,巻く,メキシコ",ケサディーヤ,トルティーヤを巻いてソースをかける料理,https://en.wikipedia.org/wiki/Enchilada,0.55,needs_review,very_high_global_crop; see FAOSTAT,low,medium_high,medium,110,cooked maize product,subjective_medium,low,"mild, toasty",short_prepared,eat fresh or refrigerate cooked portions,regional,https://fdc.nal.usda.gov/; https://www.fao.org/faostat/; https://www.fao.org/giews/food-prices/price-tool/en/,0.35,"Coarse starter estimate. Verify calories, prices, production and storage before product use."
222,ブリトー,Burrito,Burrito,grain,wheat,filled tortilla wrap,巻き物,包む,そのまま/焼く,false,柔らかい/具入り,North America/Mexico,"Mexico, United States","豆, 肉, 米",common_meal,"小麦トルティーヤ,包む",タコス,大きなトルティーヤで具を巻く料理,https://en.wikipedia.org/wiki/Burrito,0.55,needs_review,very_high_global_crop; see FAOSTAT,low,medium,medium,260,bread/cooked average,subjective_medium,low,"mild, toasty",short_prepared,eat fresh or refrigerate cooked portions,regional,https://fdc.nal.usda.gov/; https://www.fao.org/faostat/; https://www.fao.org/giews/food-prices/price-tool/en/,0.35,"Coarse starter estimate. Verify calories, prices, production and storage before product use."
223,バレアダ,Baleada,Baleada,grain,wheat,filled tortilla,折りたたみ,包む,焼く,false,柔らかい,Central America,Honduras,"豆, チーズ, 卵",common_meal,"小麦,トルティーヤ,ホンジュラス",ケサディーヤ,小麦トルティーヤに豆などを挟む料理,https://en.wikipedia.org/wiki/Baleada,0.55,needs_review,very_high_global_crop; see FAOSTAT,low,medium,medium,260,bread/cooked average,subjective_medium,low,"mild, toasty",short_prepared,eat fresh or refrigerate cooked portions,regional,https://fdc.nal.usda.gov/; https://www.fao.org/faostat/; https://www.fao.org/giews/food-prices/price-tool/en/,0.35,"Coarse starter estimate. Verify calories, prices, production and storage before product use."
224,エンパナーダ,Empanada,Empanada,grain,wheat,stuffed pastry,半月形,包む,焼く/揚げる,false,外はさっくり/具入り,Latin America/Europe,Global,"肉, 野菜, チーズ",common_meal,"小麦,包む,中南米",ピロシキ,詰め物入り生地料理,https://en.wikipedia.org/wiki/Empanada,0.55,needs_review,very_high_global_crop; see FAOSTAT,low,medium,medium,260,fried prepared food estimate,subjective_medium_high,low,"mild, toasty",long,dry flour/grain airtight,global_common,https://fdc.nal.usda.gov/; https://www.fao.org/faostat/; https://www.fao.org/giews/food-prices/price-tool/en/,0.35,"Coarse starter estimate. Verify calories, prices, production and storage before product use."
225,アレパレジェーナ,Stuffed arepa,Arepa rellena,grain,maize,stuffed corn cake,厚焼き/具入り,練る/詰める,焼く,false,柔らかい/具入り,South America,"Venezuela, Colombia","肉, チーズ, 豆",primary_or_common,"とうもろこし,アレパ,具入り",アレパ,具入りアレパ,https://en.wikipedia.org/wiki/Stuffed_arepa,0.55,needs_review,very_high_global_crop; see FAOSTAT,low,medium_high,medium,110,cooked maize product,subjective_medium_high,low,"mild, toasty",short_prepared,eat fresh or refrigerate cooked portions,high_regional,https://fdc.nal.usda.gov/; https://www.fao.org/faostat/; https://www.fao.org/giews/food-prices/price-tool/en/,0.35,"Coarse starter estimate. Verify calories, prices, production and storage before product use."
226,カチャパ,Cachapa,Cachapa,grain,maize,sweet corn pancake,薄焼き/厚焼き,すり潰す,焼く,false,甘み/柔らかい,South America,Venezuela,チーズ,common_meal,"とうもろこし,甘い,ベネズエラ",アレパ,生トウモロコシの甘いパンケーキ,https://en.wikipedia.org/wiki/Cachapa,0.55,needs_review,very_high_global_crop; see FAOSTAT,low,medium_high,medium,230,prepared flatbread average,subjective_medium,low,"mild, toasty",long,dry grain/flour airtight,regional,https://fdc.nal.usda.gov/; https://www.fao.org/faostat/; https://www.fao.org/giews/food-prices/price-tool/en/,0.35,"Coarse starter estimate. Verify calories, prices, production and storage before product use."
227,クチャ,Cuchuco,Cuchuco,grain,wheat/barley,grain soup,粒/スープ,砕く,煮る,false,粒状/スープ,South America,Colombia,"豆, 肉, 野菜",regional_meal,"小麦,大麦,コロンビア",カーシャ,挽き割り穀物のスープ,https://en.wikipedia.org/wiki/Cuchuco,0.55,needs_review,very_high_global_crop; see FAOSTAT,low,medium,medium,260,bread/cooked average,subjective_medium,low,mild,short_prepared,eat fresh or refrigerate cooked portions,regional,https://fdc.nal.usda.gov/; https://www.fao.org/faostat/; https://www.fao.org/giews/food-prices/price-tool/en/,0.35,"Coarse starter estimate. Verify calories, prices, production and storage before product use."
228,マサモラ,Mazamorra,Mazamorra,grain,maize,porridge/drink,粥/飲料,粉化,煮る,false,とろみ/甘い,Latin America,"Peru, Colombia, Argentina","牛乳, 甘味",common_breakfast,"とうもろこし,粥,中南米",アトーレ,トウモロコシの粥や飲み物,https://en.wikipedia.org/wiki/Mazamorra,0.55,needs_review,very_high_global_crop; see FAOSTAT,low,medium_high,medium,80,cooked porridge average,subjective_medium,low,mild,short_prepared,eat fresh or refrigerate cooked portions,regional,https://fdc.nal.usda.gov/; https://www.fao.org/faostat/; https://www.fao.org/giews/food-prices/price-tool/en/,0.35,"Coarse starter estimate. Verify calories, prices, production and storage before product use."
229,カンジカ,Canjica,Canjica,grain,maize,sweet hominy porridge,粒/粥,ホミニー,煮る,false,甘い/粒状,South America,Brazil,"牛乳, ココナッツ",common_festive,"とうもろこし,甘い,ブラジル",アトーレ,ホミニーの甘い粥,https://en.wikipedia.org/wiki/Canjica,0.55,needs_review,very_high_global_crop; see FAOSTAT,low,medium_high,medium,80,cooked porridge average,subjective_medium,low,mild,short_prepared,eat fresh or refrigerate cooked portions,regional,https://fdc.nal.usda.gov/; https://www.fao.org/faostat/; https://www.fao.org/giews/food-prices/price-tool/en/,0.35,"Coarse starter estimate. Verify calories, prices, production and storage before product use."
230,ムングザ,Munguzá,Munguzá,grain,maize,hominy porridge,粒/粥,ホミニー,煮る,false,甘い/粒状,South America,Brazil,"牛乳, 砂糖",common_breakfast,"とうもろこし,粥,ブラジル",カンジカ,ブラジル北東部のホミニー粥,https://en.wikipedia.org/wiki/Munguz,0.55,needs_review,very_high_global_crop; see FAOSTAT,low,medium_high,medium,80,cooked porridge average,subjective_medium,low,mild,short_prepared,eat fresh or refrigerate cooked portions,regional,https://fdc.nal.usda.gov/; https://www.fao.org/faostat/; https://www.fao.org/giews/food-prices/price-tool/en/,0.35,"Coarse starter estimate. Verify calories, prices, production and storage before product use."
231,ピロシキ,Pirozhki,Pirozhki,grain,wheat,stuffed bun,小型包みパン,包む,焼く/揚げる,true,柔らかい/具入り,Europe,Russia,"肉, 野菜, じゃがいも",common_meal,"小麦,包む,ロシア",エンパナーダ,具入り小型パン,https://en.wikipedia.org/wiki/Pirozhki,0.55,needs_review,very_high_global_crop; see FAOSTAT,low,medium,medium,260,fried prepared food estimate,subjective_medium,low,"fermented, toasty",long,dry flour/grain airtight,regional,https://fdc.nal.usda.gov/; https://www.fao.org/faostat/; https://www.fao.org/giews/food-prices/price-tool/en/,0.35,"Coarse starter estimate. Verify calories, prices, production and storage before product use."
232,カレリアパイ,Karelian pasty,Karjalanpiirakka,grain,rye,rice pastry,楕円/薄い,ライ麦皮/米粥,焼く,false,薄い/米入り,Europe,Finland,卵バター,common_meal,"ライ麦,米,フィンランド",ピロシキ,ライ麦生地で米粥を包む料理,https://en.wikipedia.org/wiki/Karelian_pasty,0.55,needs_review,temperate_cereal; see FAOSTAT,medium,medium,medium,259,rye bread average,subjective_medium,low,"mild, toasty",long,dry grain/bread varies,regional,https://fdc.nal.usda.gov/; https://www.fao.org/faostat/; https://www.fao.org/giews/food-prices/price-tool/en/,0.35,"Coarse starter estimate. Verify calories, prices, production and storage before product use."
233,ポテトパンケーキ,Potato pancake,Latke/Draniki,tuber,potato,pancake,薄焼き/丸い,すりおろす,焼く/揚げる,false,外はカリッと/中柔らかい,Europe,"Eastern Europe, Jewish diaspora","サワークリーム, ソース",common_meal,"じゃがいも,薄焼き",ハッシュブラウン,じゃがいもを焼く料理,https://en.wikipedia.org/wiki/Potato_pancake,0.55,needs_review,very_high_root_crop; see FAOSTAT,low,medium,high,260,fried prepared food estimate,subjective_medium,low,"mild, toasty",medium,cool dark ventilated place,regional,https://fdc.nal.usda.gov/; https://www.fao.org/faostat/; https://www.fao.org/giews/food-prices/price-tool/en/,0.35,"Coarse starter estimate. Verify calories, prices, production and storage before product use."
234,ロスティ,Rosti,Rösti,tuber,potato,potato cake,円形/焼き固め,すりおろす,焼く,false,外はカリッと/中柔らかい,Europe,Switzerland,"卵, チーズ, 肉",common_meal,"じゃがいも,スイス",ポテトパンケーキ,細切りじゃがいもを焼く料理,https://en.wikipedia.org/wiki/Rosti,0.55,needs_review,very_high_root_crop; see FAOSTAT,low,medium,high,87,boiled tuber,subjective_medium,low,"mild, toasty",medium,cool dark ventilated place,regional,https://fdc.nal.usda.gov/; https://www.fao.org/faostat/; https://www.fao.org/giews/food-prices/price-tool/en/,0.35,"Coarse starter estimate. Verify calories, prices, production and storage before product use."
235,フラムクーヘン,Flammkuchen,Flammkuchen,grain,wheat,thin flatbread,薄焼き,製粉/伸ばす,焼く,false,薄い/ぱりっと,Europe,"Alsace, Germany","クリーム, 玉ねぎ",common_meal,"小麦,薄焼き,欧州",ピザ,薄い生地の焼き料理,https://en.wikipedia.org/wiki/Flammkuchen,0.55,needs_review,very_high_global_crop; see FAOSTAT,low,medium,high,260,prepared bread average,subjective_medium,low,"mild, toasty",short_to_medium,room temperature short term; freeze for longer storage,regional,https://fdc.nal.usda.gov/; https://www.fao.org/faostat/; https://www.fao.org/giews/food-prices/price-tool/en/,0.35,"Coarse starter estimate. Verify calories, prices, production and storage before product use."
236,ピザ,Pizza,Pizza,grain,wheat,flatbread,円形/薄焼き,製粉/発酵,焼く,true,外は香ばしい/多様,Europe/Global,"Italy, Global","チーズ, トマト",common_meal,"小麦,焼く,イタリア",フォカッチャ,発酵生地に具をのせて焼く料理,https://en.wikipedia.org/wiki/Pizza,0.55,needs_review,very_high_global_crop; see FAOSTAT,low,medium,high,260,prepared bread average,subjective_medium_high,low,"fermented, toasty",short_to_medium,room temperature short term; freeze for longer storage,global_common,https://fdc.nal.usda.gov/; https://www.fao.org/faostat/; https://www.fao.org/giews/food-prices/price-tool/en/,0.35,"Coarse starter estimate. Verify calories, prices, production and storage before product use."
237,カルツォーネ,Calzone,Calzone,grain,wheat,folded pizza,半月形,包む,焼く,true,パン状/具入り,Europe,Italy,"チーズ, トマト",common_meal,"小麦,包む,イタリア",ピザ,折りたたみピザ,https://en.wikipedia.org/wiki/Calzone,0.55,needs_review,very_high_global_crop; see FAOSTAT,low,medium,medium,260,bread/cooked average,subjective_medium,low,"fermented, toasty",short_prepared,eat fresh or refrigerate cooked portions,regional,https://fdc.nal.usda.gov/; https://www.fao.org/faostat/; https://www.fao.org/giews/food-prices/price-tool/en/,0.35,"Coarse starter estimate. Verify calories, prices, production and storage before product use."
238,ファリナータ,Farinata,Farinata,legume,chickpea flour,pancake,薄焼き,豆粉生地,焼く,false,香ばしい/薄い,Europe,Italy,オリーブ油,common_side,"ひよこ豆,薄焼き,イタリア",ソッカ,ひよこ豆粉の薄焼き,https://en.wikipedia.org/wiki/Farinata,0.55,needs_review,high_pulse_crop; see FAOSTAT pulses,medium,medium,high,230,prepared flatbread average,subjective_medium,low,"mild, toasty",long,dry chickpeas airtight,regional,https://fdc.nal.usda.gov/; https://www.fao.org/faostat/; https://www.fao.org/giews/food-prices/price-tool/en/,0.35,"Coarse starter estimate. Verify calories, prices, production and storage before product use."
239,ソッカ,Socca,Socca,legume,chickpea flour,pancake,薄焼き,豆粉生地,焼く,false,香ばしい/薄い,Europe,France,オリーブ油,common_side,"ひよこ豆,薄焼き,フランス",ファリナータ,南仏のひよこ豆薄焼き,https://en.wikipedia.org/wiki/Socca,0.55,needs_review,high_pulse_crop; see FAOSTAT pulses,medium,medium,high,230,prepared flatbread average,subjective_medium,low,"mild, toasty",long,dry chickpeas airtight,regional,https://fdc.nal.usda.gov/; https://www.fao.org/faostat/; https://www.fao.org/giews/food-prices/price-tool/en/,0.35,"Coarse starter estimate. Verify calories, prices, production and storage before product use."
240,ポレンタフライ,Fried polenta,Fried polenta,grain,maize,fried cake,棒/塊,粥を固める,揚げる,false,外はカリッと/中柔らかい,Europe,Italy,"ソース, チーズ",common_side,"とうもろこし,揚げる",ポレンタ,固めたポレンタを揚げる料理,https://en.wikipedia.org/wiki/Fried_polenta,0.55,needs_review,very_high_global_crop; see FAOSTAT,low,medium_high,medium,260,fried prepared food estimate,subjective_medium,low,mild,long,dry grain/flour airtight,regional,https://fdc.nal.usda.gov/; https://www.fao.org/faostat/; https://www.fao.org/giews/food-prices/price-tool/en/,0.35,"Coarse starter estimate. Verify calories, prices, production and storage before product use."
241,アランチーニ,Arancini,Arancini,grain,rice,fried rice ball,丸い団子,炊く/成形,揚げる,false,外はカリッと/中柔らかい,Europe,Italy,"チーズ, ソース",common_snack,"米,団子,揚げる,イタリア",おにぎり,米を丸めて揚げた料理,https://en.wikipedia.org/wiki/Arancini,0.55,needs_review,very_high_global_crop; see FAOSTAT,medium,medium,medium,260,fried prepared food estimate,subjective_medium,low,mild,medium,dry grain in airtight container,regional,https://fdc.nal.usda.gov/; https://www.fao.org/faostat/; https://www.fao.org/giews/food-prices/price-tool/en/,0.35,"Coarse starter estimate. Verify calories, prices, production and storage before product use."
242,ライスプディング,Rice pudding,Rice pudding,grain,rice,pudding,粥/デザート,煮る,煮る,false,甘い/柔らかい,Global,Global,"牛乳, 砂糖",common_dessert,"米,甘い,粥",粥,米を牛乳などで煮る料理,https://en.wikipedia.org/wiki/Rice_pudding,0.55,needs_review,very_high_global_crop; see FAOSTAT,medium,medium,medium,80,cooked porridge average,subjective_medium_high,low,mild,short_prepared,eat fresh or refrigerate cooked portions,global_common,https://fdc.nal.usda.gov/; https://www.fao.org/faostat/; https://www.fao.org/giews/food-prices/price-tool/en/,0.35,"Coarse starter estimate. Verify calories, prices, production and storage before product use."
243,セモリナプディング,Semolina pudding,Semolina pudding,grain,wheat semolina,pudding,粥,セモリナ,煮る,false,甘い/柔らかい,Europe/Global,Global,"牛乳, 砂糖",common_dessert,"小麦,セモリナ,甘い",ウプマ,セモリナを甘く煮る料理,https://en.wikipedia.org/wiki/Semolina_pudding,0.55,needs_review,very_high_global_crop; see FAOSTAT,low,medium,medium,80,cooked porridge average,subjective_medium_high,low,mild,short_prepared,eat fresh or refrigerate cooked portions,global_common,https://fdc.nal.usda.gov/; https://www.fao.org/faostat/; https://www.fao.org/giews/food-prices/price-tool/en/,0.35,"Coarse starter estimate. Verify calories, prices, production and storage before product use."
244,モロッコパン,Moroccan bread,Khobz,grain,wheat,bread,丸いパン,製粉/発酵,焼く,true,密度あり/柔らかい,North Africa,Morocco,"タジン, スープ",primary_staple,"小麦,パン,モロッコ",ホブズ,モロッコの丸いパン,https://en.wikipedia.org/wiki/Moroccan_bread,0.55,needs_review,very_high_global_crop; see FAOSTAT,low,medium,high,260,prepared bread average,subjective_medium_high,low,"fermented, toasty",short_to_medium,room temperature short term; freeze for longer storage,high_regional,https://fdc.nal.usda.gov/; https://www.fao.org/faostat/; https://www.fao.org/giews/food-prices/price-tool/en/,0.35,"Coarse starter estimate. Verify calories, prices, production and storage before product use."
245,ムスンメン,Msemen,Msemen,grain,wheat,layered flatbread,四角い薄焼き,練る/折る,焼く,false,もちっと/層状,North Africa,Morocco,"蜂蜜, チーズ",common_breakfast,"小麦,薄焼き,モロッコ",パラータ,層状の薄焼きパン,https://en.wikipedia.org/wiki/Msemen,0.55,needs_review,very_high_global_crop; see FAOSTAT,low,medium,high,260,prepared bread average,subjective_medium,low,"mild, toasty",short_to_medium,room temperature short term; freeze for longer storage,regional,https://fdc.nal.usda.gov/; https://www.fao.org/faostat/; https://www.fao.org/giews/food-prices/price-tool/en/,0.35,"Coarse starter estimate. Verify calories, prices, production and storage before product use."
246,バグリール,Baghrir,Baghrir,grain,wheat semolina,pancake,穴あき薄焼き,発酵生地,焼く,true,ふわっと/穴あき,North Africa,"Morocco, Algeria","蜂蜜, バター",common_breakfast,"小麦,発酵,パンケーキ",パンケーキ,千の穴のパンケーキ,https://en.wikipedia.org/wiki/Baghrir,0.55,needs_review,very_high_global_crop; see FAOSTAT,low,medium,medium,230,prepared flatbread average,subjective_medium,low,"fermented, toasty",long,dry flour/grain airtight,regional,https://fdc.nal.usda.gov/; https://www.fao.org/faostat/; https://www.fao.org/giews/food-prices/price-tool/en/,0.35,"Coarse starter estimate. Verify calories, prices, production and storage before product use."
247,シャクシュカとパン,Shakshuka with bread,Shakshuka + bread,grain,wheat,bread with stew,パン/煮込み,発酵/焼く,焼く,true,柔らかい/ソース,North Africa/Middle East,"Maghreb, Levant","卵, トマト",common_meal,"小麦,パン,北アフリカ",ホブズ,パンを卵トマト煮込みと食べる,https://en.wikipedia.org/wiki/Shakshuka_with_bread,0.55,needs_review,very_high_global_crop; see FAOSTAT,low,medium,high,260,prepared bread average,subjective_medium,low,"fermented, toasty",short_to_medium,room temperature short term; freeze for longer storage,regional,https://fdc.nal.usda.gov/; https://www.fao.org/faostat/; https://www.fao.org/giews/food-prices/price-tool/en/,0.35,"Coarse starter estimate. Verify calories, prices, production and storage before product use."
248,エイシバラディ,Eish baladi,Eish baladi,grain,wheat,flatbread,丸い薄パン,製粉/発酵,焼く,true,柔らかい,North Africa,Egypt,"豆, 野菜, ディップ",primary_staple,"小麦,パン,エジプト",ピタ,エジプトの日常パン,https://en.wikipedia.org/wiki/Eish_baladi,0.55,needs_review,very_high_global_crop; see FAOSTAT,low,medium,high,260,prepared bread average,subjective_medium_high,low,"fermented, toasty",short_to_medium,room temperature short term; freeze for longer storage,high_regional,https://fdc.nal.usda.gov/; https://www.fao.org/faostat/; https://www.fao.org/giews/food-prices/price-tool/en/,0.35,"Coarse starter estimate. Verify calories, prices, production and storage before product use."
249,フールとパン,Ful medames with bread,Ful + bread,legume_grain,"fava beans, wheat",beans with bread,煮豆+パン,煮る/焼く,煮る,false,豆/柔らかい,North Africa/Middle East,"Egypt, Levant","パン, 油, 野菜",primary_component,"豆,パン,エジプト",フムスとパン,豆料理とパンの組み合わせ,https://en.wikipedia.org/wiki/Ful_medames_with_bread,0.55,needs_review,high_pulse_crop; see FAOSTAT pulses,low,medium,high,127,cooked beans,subjective_medium_high,low,mild,short_to_medium,room temperature short term; freeze for longer storage,high_regional,https://fdc.nal.usda.gov/; https://www.fao.org/faostat/; https://www.fao.org/giews/food-prices/price-tool/en/,0.35,"Coarse starter estimate. Verify calories, prices, production and storage before product use."
250,インスタントラーメン,Instant noodles,Instant noodles,grain,wheat,instant noodle,縮れ麺,揚げ/乾燥,茹でる,false,弾力/塩味,Global,Global,"スープ, 調味料",common_meal,"小麦,麺,即席",ラーメン,乾燥または揚げた即席麺,https://en.wikipedia.org/wiki/Instant_noodles,0.55,needs_review,very_high_global_crop; see FAOSTAT,low,medium,medium,150,cooked noodle/pasta average,subjective_medium_high,low,mild,short_prepared,eat fresh or refrigerate cooked portions,global_common,https://fdc.nal.usda.gov/; https://www.fao.org/faostat/; https://www.fao.org/giews/food-prices/price-tool/en/,0.35,"Coarse starter estimate. Verify calories, prices, production and storage before product use."
251,そうめん,Somen,Somen,grain,wheat,noodle,極細麺,製粉/延ばす/乾燥,茹でる,false,つるつる/細い,East Asia,Japan,"つゆ, 薬味",common_meal,"小麦,細麺,日本",うどん,細い小麦麺,https://en.wikipedia.org/wiki/Somen,0.55,needs_review,very_high_global_crop; see FAOSTAT,low,medium,medium,150,cooked noodle/pasta average,subjective_medium,low,mild,short_prepared,eat fresh or refrigerate cooked portions,regional,https://fdc.nal.usda.gov/; https://www.fao.org/faostat/; https://www.fao.org/giews/food-prices/price-tool/en/,0.35,"Coarse starter estimate. Verify calories, prices, production and storage before product use."
252,ひやむぎ,Hiyamugi,Hiyamugi,grain,wheat,noodle,細麺,製粉/延ばす/乾燥,茹でる,false,つるつる,East Asia,Japan,"つゆ, 薬味",common_meal,"小麦,麺,日本",そうめん,そうめんより太めの小麦麺,https://en.wikipedia.org/wiki/Hiyamugi,0.55,needs_review,very_high_global_crop; see FAOSTAT,low,medium,medium,150,cooked noodle/pasta average,subjective_medium,low,mild,short_prepared,eat fresh or refrigerate cooked portions,regional,https://fdc.nal.usda.gov/; https://www.fao.org/faostat/; https://www.fao.org/giews/food-prices/price-tool/en/,0.35,"Coarse starter estimate. Verify calories, prices, production and storage before product use."
253,焼きそば,Yakisoba,Yakisoba,grain,wheat,noodle stir-fry,中華麺,製麺,炒める,false,弾力/ソース,East Asia,Japan,"野菜, 肉",common_meal,"小麦,麺,炒める,日本",ミーゴレン,炒めた小麦麺,https://en.wikipedia.org/wiki/Yakisoba,0.55,needs_review,very_high_global_crop; see FAOSTAT,low,medium,medium,150,cooked noodle/pasta average,subjective_medium,low,mild,short_prepared,eat fresh or refrigerate cooked portions,regional,https://fdc.nal.usda.gov/; https://www.fao.org/faostat/; https://www.fao.org/giews/food-prices/price-tool/en/,0.35,"Coarse starter estimate. Verify calories, prices, production and storage before product use."
254,ちゃんぽん,Champon,Champon,grain,wheat,noodle soup,太め麺,製麺,茹でる,false,スープ/具だくさん,East Asia,Japan,"魚介, 野菜",common_meal,"小麦,麺,スープ,日本",ラーメン,具だくさんの麺料理,https://en.wikipedia.org/wiki/Champon,0.55,needs_review,very_high_global_crop; see FAOSTAT,low,medium,medium,150,cooked noodle/pasta average,subjective_medium,low,mild,short_prepared,eat fresh or refrigerate cooked portions,regional,https://fdc.nal.usda.gov/; https://www.fao.org/faostat/; https://www.fao.org/giews/food-prices/price-tool/en/,0.35,"Coarse starter estimate. Verify calories, prices, production and storage before product use."
255,冷麺,Naengmyeon,Naengmyeon,pseudocereal,"buckwheat, potato starch",cold noodle,細麺,製粉/澱粉,茹でる,false,弾力/冷たい,East Asia,Korea,"冷たいスープ, 酢",common_meal,"そば,麺,韓国",蕎麦,韓国の冷たい麺,https://en.wikipedia.org/wiki/Naengmyeon,0.55,needs_review,regional_pseudocereal,medium,medium,medium,150,cooked noodle/pasta average,subjective_medium,low,"mild, nutty",short_prepared,eat fresh or refrigerate cooked portions,regional,https://fdc.nal.usda.gov/; https://www.fao.org/faostat/; https://www.fao.org/giews/food-prices/price-tool/en/,0.35,"Coarse starter estimate. Verify calories, prices, production and storage before product use."
256,チャプチェ,Japchae,Japchae,tuber,sweet potato starch,glass noodle,透明麺,澱粉抽出,炒める,false,弾力/つるつる,East Asia,Korea,"野菜, 肉",common_meal,"さつまいも澱粉,麺,韓国",春雨,澱粉麺の炒め物,https://en.wikipedia.org/wiki/Japchae,0.55,needs_review,high_root_crop; see FAOSTAT,low,medium_high,high,150,cooked noodle/pasta average,subjective_medium,medium,sweet,short_prepared,eat fresh or refrigerate cooked portions,regional,https://fdc.nal.usda.gov/; https://www.fao.org/faostat/; https://www.fao.org/giews/food-prices/price-tool/en/,0.35,"Coarse starter estimate. Verify calories, prices, production and storage before product use."
257,春雨,Glass noodles,Cellophane noodles,legume_root,"mung bean starch, potato starch",glass noodle,透明麺,澱粉抽出/乾燥,茹でる/炒める,false,つるつる/弾力,East Asia,"China, East Asia","鍋, 炒め物",common_side,"澱粉,麺,透明",チャプチェ,澱粉から作る透明麺,https://en.wikipedia.org/wiki/Glass_noodles,0.55,needs_review,high_pulse_crop; see FAOSTAT pulses,low,medium,high,150,cooked noodle/pasta average,subjective_medium,low,mild,short_prepared,eat fresh or refrigerate cooked portions,regional,https://fdc.nal.usda.gov/; https://www.fao.org/faostat/; https://www.fao.org/giews/food-prices/price-tool/en/,0.35,"Coarse starter estimate. Verify calories, prices, production and storage before product use."
258,米線,Mixian,Mixian,grain,rice,rice noodle,丸麺,米粉化,茹でる,false,つるつる,East Asia,"China, Yunnan","スープ, 具材",common_meal,"米,麺,雲南",フォー,雲南の米麺,https://en.wikipedia.org/wiki/Mixian,0.55,needs_review,very_high_global_crop; see FAOSTAT,medium,medium,medium,150,cooked noodle/pasta average,subjective_medium,low,mild,short_prepared,eat fresh or refrigerate cooked portions,regional,https://fdc.nal.usda.gov/; https://www.fao.org/faostat/; https://www.fao.org/giews/food-prices/price-tool/en/,0.35,"Coarse starter estimate. Verify calories, prices, production and storage before product use."
259,クイティオ,Kway teow,Kway teow,grain,rice,flat rice noodle,平麺,米粉化,炒める/茹でる,false,つるつる,Southeast Asia,"Malaysia, Singapore, Thailand","ソース, 肉, 野菜",common_meal,"米,平麺,東南アジア",フォー,東南アジアの平米麺,https://en.wikipedia.org/wiki/Kway_teow,0.55,needs_review,very_high_global_crop; see FAOSTAT,medium,medium,medium,150,cooked noodle/pasta average,subjective_medium,low,mild,short_prepared,eat fresh or refrigerate cooked portions,regional,https://fdc.nal.usda.gov/; https://www.fao.org/faostat/; https://www.fao.org/giews/food-prices/price-tool/en/,0.35,"Coarse starter estimate. Verify calories, prices, production and storage before product use."
260,ラクサ麺,Laksa noodles,Laksa,grain,rice/wheat,noodle soup,麺,製麺,茹でる,false,スープ/香辛料,Southeast Asia,"Malaysia, Singapore","ココナッツカレー, 魚介",common_meal,"麺,ラクサ,東南アジア",カオソーイ,スパイシーな麺スープ,https://en.wikipedia.org/wiki/Laksa_noodles,0.55,needs_review,very_high_global_crop; see FAOSTAT,medium,medium,medium,150,cooked noodle/pasta average,subjective_medium,low,mild,short_prepared,eat fresh or refrigerate cooked portions,regional,https://fdc.nal.usda.gov/; https://www.fao.org/faostat/; https://www.fao.org/giews/food-prices/price-tool/en/,0.35,"Coarse starter estimate. Verify calories, prices, production and storage before product use."
261,バクソ麺,Bakso noodles,Bakso mi,grain,wheat,noodle soup,麺,製麺,茹でる,false,スープ/弾力,Southeast Asia,Indonesia,"肉団子, スープ",common_meal,"麺,インドネシア",ラーメン,肉団子入り麺料理,https://en.wikipedia.org/wiki/Bakso_noodles,0.55,needs_review,very_high_global_crop; see FAOSTAT,low,medium,medium,150,cooked noodle/pasta average,subjective_medium,low,mild,short_prepared,eat fresh or refrigerate cooked portions,regional,https://fdc.nal.usda.gov/; https://www.fao.org/faostat/; https://www.fao.org/giews/food-prices/price-tool/en/,0.35,"Coarse starter estimate. Verify calories, prices, production and storage before product use."
262,マカロニアンドチーズ,Macaroni and cheese,Mac and cheese,grain,wheat,pasta casserole,短い麺,製麺/茹でる,焼く/煮る,false,クリーミー,North America,United States,"チーズ, 牛乳",common_meal,"小麦,パスタ,チーズ",パスタ,マカロニをチーズソースで和える料理,https://en.wikipedia.org/wiki/Macaroni_and_cheese,0.55,needs_review,very_high_global_crop; see FAOSTAT,low,medium,medium,150,cooked noodle/pasta average,subjective_medium,low,"mild, toasty",short_prepared,eat fresh or refrigerate cooked portions,regional,https://fdc.nal.usda.gov/; https://www.fao.org/faostat/; https://www.fao.org/giews/food-prices/price-tool/en/,0.35,"Coarse starter estimate. Verify calories, prices, production and storage before product use."
263,スパゲッティ,Spaghetti,Spaghetti,grain,durum wheat,pasta,細長い麺,製麺/乾燥,茹でる,false,弾力,Europe/Global,"Italy, Global","ソース, チーズ",common_meal,"小麦,パスタ,イタリア",パスタ,細長いパスタ,https://en.wikipedia.org/wiki/Spaghetti,0.55,needs_review,high_global_crop; see FAOSTAT wheat,medium,medium,medium,150,cooked noodle/pasta average,subjective_medium_high,low,mild,short_prepared,eat fresh or refrigerate cooked portions,global_common,https://fdc.nal.usda.gov/; https://www.fao.org/faostat/; https://www.fao.org/giews/food-prices/price-tool/en/,0.35,"Coarse starter estimate. Verify calories, prices, production and storage before product use."
264,ラザニア,Lasagna,Lasagne,grain,wheat,pasta casserole,シート状,製麺/層にする,焼く,false,層状/柔らかい,Europe,Italy,"ソース, チーズ, 肉",common_meal,"小麦,シート,イタリア",パステロン,シートパスタを重ね焼きする料理,https://en.wikipedia.org/wiki/Lasagna,0.55,needs_review,very_high_global_crop; see FAOSTAT,low,medium,medium,150,cooked noodle/pasta average,subjective_medium,low,"mild, toasty",short_prepared,eat fresh or refrigerate cooked portions,regional,https://fdc.nal.usda.gov/; https://www.fao.org/faostat/; https://www.fao.org/giews/food-prices/price-tool/en/,0.35,"Coarse starter estimate. Verify calories, prices, production and storage before product use."
265,ラビオリ,Ravioli,Ravioli,grain,wheat,stuffed pasta,包み,製麺/包む,茹でる,false,もちっと/具入り,Europe,Italy,"ソース, チーズ",common_meal,"小麦,パスタ,包む",ピエロギ,詰め物入りパスタ,https://en.wikipedia.org/wiki/Ravioli,0.55,needs_review,very_high_global_crop; see FAOSTAT,low,medium,medium,150,cooked noodle/pasta average,subjective_medium,low,mild,short_prepared,eat fresh or refrigerate cooked portions,regional,https://fdc.nal.usda.gov/; https://www.fao.org/faostat/; https://www.fao.org/giews/food-prices/price-tool/en/,0.35,"Coarse starter estimate. Verify calories, prices, production and storage before product use."
266,カネロニ,Cannelloni,Cannelloni,grain,wheat,tubular pasta,筒状,製麺/詰める,焼く,false,柔らかい/具入り,Europe,Italy,"ソース, チーズ",common_meal,"小麦,筒,イタリア",ラザニア,筒状パスタに具を詰めて焼く料理,https://en.wikipedia.org/wiki/Cannelloni,0.55,needs_review,very_high_global_crop; see FAOSTAT,low,medium,medium,150,cooked noodle/pasta average,subjective_medium,low,"mild, toasty",short_prepared,eat fresh or refrigerate cooked portions,regional,https://fdc.nal.usda.gov/; https://www.fao.org/faostat/; https://www.fao.org/giews/food-prices/price-tool/en/,0.35,"Coarse starter estimate. Verify calories, prices, production and storage before product use."
267,オルゾ,Orzo,Orzo,grain,wheat,pasta,米粒状,製麺,茹でる,false,小粒/弾力,Europe/Mediterranean,"Italy, Greece","スープ, ソース",common_side,"小麦,粒状,パスタ",クスクス,米粒状のパスタ,https://en.wikipedia.org/wiki/Orzo,0.55,needs_review,very_high_global_crop; see FAOSTAT,low,medium,medium,150,cooked noodle/pasta average,subjective_medium,low,mild,short_prepared,eat fresh or refrigerate cooked portions,regional,https://fdc.nal.usda.gov/; https://www.fao.org/faostat/; https://www.fao.org/giews/food-prices/price-tool/en/,0.35,"Coarse starter estimate. Verify calories, prices, production and storage before product use."
268,タリアテッレ,Tagliatelle,Tagliatelle,grain,wheat,pasta,平麺,製麺,茹でる,false,弾力/平たい,Europe,Italy,"ソース, 肉",common_meal,"小麦,平麺,イタリア",フェットチーネ,幅広い卵入りパスタ,https://en.wikipedia.org/wiki/Tagliatelle,0.55,needs_review,very_high_global_crop; see FAOSTAT,low,medium,medium,150,cooked noodle/pasta average,subjective_medium,low,mild,short_prepared,eat fresh or refrigerate cooked portions,regional,https://fdc.nal.usda.gov/; https://www.fao.org/faostat/; https://www.fao.org/giews/food-prices/price-tool/en/,0.35,"Coarse starter estimate. Verify calories, prices, production and storage before product use."
269,フェットチーネ,Fettuccine,Fettuccine,grain,wheat,pasta,平麺,製麺,茹でる,false,弾力/平たい,Europe,Italy,クリームソース,common_meal,"小麦,平麺,イタリア",タリアテッレ,幅広いパスタ,https://en.wikipedia.org/wiki/Fettuccine,0.55,needs_review,very_high_global_crop; see FAOSTAT,low,medium,medium,150,cooked noodle/pasta average,subjective_medium,low,mild,short_prepared,eat fresh or refrigerate cooked portions,regional,https://fdc.nal.usda.gov/; https://www.fao.org/faostat/; https://www.fao.org/giews/food-prices/price-tool/en/,0.35,"Coarse starter estimate. Verify calories, prices, production and storage before product use."
270,リガトーニ,Rigatoni,Rigatoni,grain,wheat,pasta,筒状,製麺,茹でる,false,弾力,Europe,Italy,"ソース, チーズ",common_meal,"小麦,筒,パスタ",ペンネ,太い筒状パスタ,https://en.wikipedia.org/wiki/Rigatoni,0.55,needs_review,very_high_global_crop; see FAOSTAT,low,medium,medium,150,cooked noodle/pasta average,subjective_medium,low,mild,short_prepared,eat fresh or refrigerate cooked portions,regional,https://fdc.nal.usda.gov/; https://www.fao.org/faostat/; https://www.fao.org/giews/food-prices/price-tool/en/,0.35,"Coarse starter estimate. Verify calories, prices, production and storage before product use."
271,ペンネ,Penne,Penne,grain,wheat,pasta,筒状/斜め,製麺,茹でる,false,弾力,Europe,Italy,ソース,common_meal,"小麦,筒,パスタ",リガトーニ,斜め切りの筒状パスタ,https://en.wikipedia.org/wiki/Penne,0.55,needs_review,very_high_global_crop; see FAOSTAT,low,medium,medium,150,cooked noodle/pasta average,subjective_medium,low,mild,short_prepared,eat fresh or refrigerate cooked portions,regional,https://fdc.nal.usda.gov/; https://www.fao.org/faostat/; https://www.fao.org/giews/food-prices/price-tool/en/,0.35,"Coarse starter estimate. Verify calories, prices, production and storage before product use."
272,ジャガイモ団子,Potato dumplings,Kartoffelknödel,tuber,potato,dumpling,団子,潰す/練る,茹でる,false,もちっと,Europe,Germany,"肉料理, ソース",common_side,"じゃがいも,団子,ドイツ",ニョッキ,じゃがいもで作る団子,https://en.wikipedia.org/wiki/Potato_dumplings,0.55,needs_review,very_high_root_crop; see FAOSTAT,low,medium,high,87,boiled tuber,subjective_medium,low,mild,medium,cool dark ventilated place,regional,https://fdc.nal.usda.gov/; https://www.fao.org/faostat/; https://www.fao.org/giews/food-prices/price-tool/en/,0.35,"Coarse starter estimate. Verify calories, prices, production and storage before product use."
273,カルトッフェルプッファー,Kartoffelpuffer,Kartoffelpuffer,tuber,potato,pancake,薄焼き,すりおろす,揚げる/焼く,false,外はカリッと,Europe,Germany,"りんごソース, サワークリーム",common_meal,"じゃがいも,ドイツ",ポテトパンケーキ,ドイツのじゃがいもパンケーキ,https://en.wikipedia.org/wiki/Kartoffelpuffer,0.55,needs_review,very_high_root_crop; see FAOSTAT,low,medium,high,260,fried prepared food estimate,subjective_medium,low,"mild, toasty",medium,cool dark ventilated place,regional,https://fdc.nal.usda.gov/; https://www.fao.org/faostat/; https://www.fao.org/giews/food-prices/price-tool/en/,0.35,"Coarse starter estimate. Verify calories, prices, production and storage before product use."
274,バブルアンドスクイーク,Bubble and squeak,Bubble and squeak,tuber,potato,pan-fried mash,焼き固め,潰す/混ぜる,焼く,false,柔らかい/香ばしい,Europe,United Kingdom,"野菜, 肉料理",common_meal,"じゃがいも,英国",ロスティ,残り野菜とじゃがいもの焼き料理,https://en.wikipedia.org/wiki/Bubble_and_squeak,0.55,needs_review,very_high_root_crop; see FAOSTAT,low,medium,high,260,fried prepared food estimate,subjective_medium,low,"mild, toasty",medium,cool dark ventilated place,regional,https://fdc.nal.usda.gov/; https://www.fao.org/faostat/; https://www.fao.org/giews/food-prices/price-tool/en/,0.35,"Coarse starter estimate. Verify calories, prices, production and storage before product use."
275,コルカノン,Colcannon,Colcannon,tuber,potato,mash,ペースト,茹でる/潰す,茹でる,false,なめらか,Europe,Ireland,"キャベツ, バター",common_side,"じゃがいも,アイルランド",マッシュポテト,じゃがいもと葉野菜のマッシュ,https://en.wikipedia.org/wiki/Colcannon,0.55,needs_review,very_high_root_crop; see FAOSTAT,low,medium,high,87,boiled tuber,subjective_medium,low,mild,medium,cool dark ventilated place,regional,https://fdc.nal.usda.gov/; https://www.fao.org/faostat/; https://www.fao.org/giews/food-prices/price-tool/en/,0.35,"Coarse starter estimate. Verify calories, prices, production and storage before product use."
276,ボクスティ,Boxty,Boxty,tuber,potato,pancake,薄焼き,すりおろす/混ぜる,焼く,false,もちっと,Europe,Ireland,"バター, 肉料理",common_meal,"じゃがいも,薄焼き,アイルランド",ポテトパンケーキ,アイルランドのじゃがいもパンケーキ,https://en.wikipedia.org/wiki/Boxty,0.55,needs_review,very_high_root_crop; see FAOSTAT,low,medium,high,230,prepared flatbread average,subjective_medium,low,"mild, toasty",medium,cool dark ventilated place,regional,https://fdc.nal.usda.gov/; https://www.fao.org/faostat/; https://www.fao.org/giews/food-prices/price-tool/en/,0.35,"Coarse starter estimate. Verify calories, prices, production and storage before product use."
277,ハッシュブラウン,Hash browns,Hash browns,tuber,potato,fried potato,細切り/焼き固め,細切り,焼く/揚げる,false,外はカリッと,North America,United States,"卵, 朝食",common_breakfast,"じゃがいも,朝食",ロスティ,細切りじゃがいもを焼く朝食料理,https://en.wikipedia.org/wiki/Hash_browns,0.55,needs_review,very_high_root_crop; see FAOSTAT,low,medium,high,260,fried prepared food estimate,subjective_medium,low,"mild, toasty",medium,cool dark ventilated place,regional,https://fdc.nal.usda.gov/; https://www.fao.org/faostat/; https://www.fao.org/giews/food-prices/price-tool/en/,0.35,"Coarse starter estimate. Verify calories, prices, production and storage before product use."
278,フレンチフライ,French fries,French fries,tuber,potato,fried sticks,棒状,切る,揚げる,false,外はカリッと/中ほくほく,Global,Global,"塩, ソース",common_side,"じゃがいも,揚げる",トストーネス,棒状の揚げじゃがいも,https://en.wikipedia.org/wiki/French_fries,0.55,needs_review,very_high_root_crop; see FAOSTAT,low,medium,high,260,fried prepared food estimate,subjective_medium_high,low,mild,medium,cool dark ventilated place,global_common,https://fdc.nal.usda.gov/; https://www.fao.org/faostat/; https://www.fao.org/giews/food-prices/price-tool/en/,0.35,"Coarse starter estimate. Verify calories, prices, production and storage before product use."
279,ボイルドグリーンバナナ,Boiled green banana,Boiled green banana,fruit_starch,plantain,boiled fruit,塊,皮むき,茹でる,false,ほくほく,Caribbean/Africa,"Caribbean, West Africa","魚, 肉, ソース",primary_or_secondary,"プランテン,茹でる",プランテン,青いバナナを茹でる主食,https://en.wikipedia.org/wiki/Boiled_green_banana,0.55,needs_review,important_tropical_starch_fruit; see FAOSTAT bananas/plantains,medium,medium,medium,122,cooked plantain,subjective_medium_high,medium,sweet,short_prepared,eat fresh or refrigerate cooked portions,high_regional,https://fdc.nal.usda.gov/; https://www.fao.org/faostat/; https://www.fao.org/giews/food-prices/price-tool/en/,0.35,"Coarse starter estimate. Verify calories, prices, production and storage before product use."
280,マトケ,Matoke,Matoke,fruit_starch,plantain,stewed plantain,塊/煮込み,皮むき,蒸す/煮る,false,柔らかい/ほくほく,Africa,Uganda,"豆, 肉, ソース",primary_staple,"プランテン,ウガンダ",プランテン,調理用バナナの煮込み主食,https://en.wikipedia.org/wiki/Matoke,0.55,needs_review,important_tropical_starch_fruit; see FAOSTAT bananas/plantains,medium,medium,medium,122,cooked plantain,subjective_medium_high,medium,sweet,short_prepared,eat fresh or refrigerate cooked portions,high_regional,https://fdc.nal.usda.gov/; https://www.fao.org/faostat/; https://www.fao.org/giews/food-prices/price-tool/en/,0.35,"Coarse starter estimate. Verify calories, prices, production and storage before product use."
281,アロコ,Aloco,Alloco,fruit_starch,plantain,fried plantain,スライス,切る,揚げる,false,甘み/外は香ばしい,West Africa,Côte d’Ivoire,"ソース, 魚",common_side,"プランテン,揚げる,西アフリカ",トストーネス,熟したプランテンの揚げ物,https://en.wikipedia.org/wiki/Aloco,0.55,needs_review,important_tropical_starch_fruit; see FAOSTAT bananas/plantains,medium,medium,medium,260,fried prepared food estimate,subjective_medium,medium,sweet,short_medium,room temp until ripe; cooked short,regional,https://fdc.nal.usda.gov/; https://www.fao.org/faostat/; https://www.fao.org/giews/food-prices/price-tool/en/,0.35,"Coarse starter estimate. Verify calories, prices, production and storage before product use."
282,ケレウェレ,Kelewele,Kelewele,fruit_starch,plantain,fried spiced plantain,角切り,香辛料,揚げる,false,甘辛い/香ばしい,West Africa,Ghana,"ピーナッツ, 肉",snack_or_side,"プランテン,揚げる,ガーナ",アロコ,スパイスをまぶした揚げプランテン,https://en.wikipedia.org/wiki/Kelewele,0.55,needs_review,important_tropical_starch_fruit; see FAOSTAT bananas/plantains,medium,medium,medium,260,fried prepared food estimate,subjective_medium,medium,"sweet, spiced",short_medium,room temp until ripe; cooked short,regional,https://fdc.nal.usda.gov/; https://www.fao.org/faostat/; https://www.fao.org/giews/food-prices/price-tool/en/,0.35,"Coarse starter estimate. Verify calories, prices, production and storage before product use."
283,イサーンもち米,Isan sticky rice,Khao niao Isan,grain,glutinous rice,sticky rice,粒状,浸水,蒸す,false,もちもち,Southeast Asia,Thailand,"ラープ, ソムタム",primary_staple,"もち米,タイ,イサーン",カオニャオ,タイ東北部のもち米主食,https://en.wikipedia.org/wiki/Isan_sticky_rice,0.55,needs_review,very_high_global_crop; see FAOSTAT,medium,medium,medium,130,cooked,subjective_medium_high,low,mild,short_prepared,eat fresh or refrigerate cooked portions,high_regional,https://fdc.nal.usda.gov/; https://www.fao.org/faostat/; https://www.fao.org/giews/food-prices/price-tool/en/,0.35,"Coarse starter estimate. Verify calories, prices, production and storage before product use."
284,マンゴースティッキーライス,Mango sticky rice,Khao niao mamuang,grain,glutinous rice,sweet sticky rice,粒状,蒸す,蒸す,false,甘い/もちもち,Southeast Asia,Thailand,"マンゴー, ココナッツ",dessert_or_snack,"もち米,甘い,タイ",カオニャオ,甘いココナッツもち米,https://en.wikipedia.org/wiki/Mango_sticky_rice,0.55,needs_review,very_high_global_crop; see FAOSTAT,medium,medium,medium,130,cooked,subjective_medium,low,mild,short_prepared,eat fresh or refrigerate cooked portions,regional,https://fdc.nal.usda.gov/; https://www.fao.org/faostat/; https://www.fao.org/giews/food-prices/price-tool/en/,0.35,"Coarse starter estimate. Verify calories, prices, production and storage before product use."
285,カオトム,Khao tom,Khao tom,grain,rice,rice soup,粥/スープ,煮る,煮る,false,柔らかい,Southeast Asia,Thailand,"肉, 魚, 薬味",common_breakfast,"米,粥,タイ",粥,タイの米粥,https://en.wikipedia.org/wiki/Khao_tom,0.55,needs_review,very_high_global_crop; see FAOSTAT,medium,medium,medium,80,cooked porridge average,subjective_medium,low,mild,short_prepared,eat fresh or refrigerate cooked portions,regional,https://fdc.nal.usda.gov/; https://www.fao.org/faostat/; https://www.fao.org/giews/food-prices/price-tool/en/,0.35,"Coarse starter estimate. Verify calories, prices, production and storage before product use."
286,海南鶏飯,Hainanese chicken rice,Hainanese chicken rice,grain,rice,chicken rice,粒状,鶏油で炊く,炊く,false,香り/粒状,Southeast Asia,"Singapore, Malaysia","鶏肉, ソース",common_meal,"米,鶏飯,シンガポール",ご飯,鶏の出汁で炊いた米料理,https://en.wikipedia.org/wiki/Hainanese_chicken_rice,0.55,needs_review,very_high_global_crop; see FAOSTAT,medium,medium,medium,130,cooked,subjective_medium,low,mild,short_prepared,eat fresh or refrigerate cooked portions,regional,https://fdc.nal.usda.gov/; https://www.fao.org/faostat/; https://www.fao.org/giews/food-prices/price-tool/en/,0.35,"Coarse starter estimate. Verify calories, prices, production and storage before product use."
287,ナシカンダール,Nasi kandar,Nasi kandar,grain,rice,rice with curries,粒状,炊く,炊く,false,粒状/スパイス,Southeast Asia,Malaysia,"カレー, 肉, 野菜",common_meal,"米,カレー,マレーシア",ナシレマ,米に複数のカレーを添える料理,https://en.wikipedia.org/wiki/Nasi_kandar,0.55,needs_review,very_high_global_crop; see FAOSTAT,medium,medium,medium,130,cooked,subjective_medium,low,mild,short_prepared,eat fresh or refrigerate cooked portions,regional,https://fdc.nal.usda.gov/; https://www.fao.org/faostat/; https://www.fao.org/giews/food-prices/price-tool/en/,0.35,"Coarse starter estimate. Verify calories, prices, production and storage before product use."
288,カオパット,Thai fried rice,Khao phat,grain,rice,fried rice,粒状,炊く,炒める,false,香ばしい,Southeast Asia,Thailand,"卵, 野菜, 肉",common_meal,"米,炒飯,タイ",ナシゴレン,タイの炒飯,https://en.wikipedia.org/wiki/Thai_fried_rice,0.55,needs_review,very_high_global_crop; see FAOSTAT,medium,medium,medium,260,fried prepared food estimate,subjective_medium,low,mild,medium,dry grain in airtight container,regional,https://fdc.nal.usda.gov/; https://www.fao.org/faostat/; https://www.fao.org/giews/food-prices/price-tool/en/,0.35,"Coarse starter estimate. Verify calories, prices, production and storage before product use."
289,チャーハン,Fried rice,Chahan,grain,rice,fried rice,粒状,炊く,炒める,false,香ばしい,East Asia,"China, Japan","卵, 肉, 野菜",common_meal,"米,炒飯",ナシゴレン,炊いた米を炒めた料理,https://en.wikipedia.org/wiki/Fried_rice,0.55,needs_review,very_high_global_crop; see FAOSTAT,medium,medium,medium,260,fried prepared food estimate,subjective_medium,low,mild,medium,dry grain in airtight container,regional,https://fdc.nal.usda.gov/; https://www.fao.org/faostat/; https://www.fao.org/giews/food-prices/price-tool/en/,0.35,"Coarse starter estimate. Verify calories, prices, production and storage before product use."
290,天津飯,Tenshindon,Tenshindon,grain,rice,rice bowl,丼,炊く,炊く,false,柔らかい/ソース,East Asia,Japan,"卵, あん",common_meal,"米,丼,日本",ご飯,卵焼きとあんをのせる米料理,https://en.wikipedia.org/wiki/Tenshindon,0.55,needs_review,very_high_global_crop; see FAOSTAT,medium,medium,medium,130,cooked,subjective_medium,low,mild,short_prepared,eat fresh or refrigerate cooked portions,regional,https://fdc.nal.usda.gov/; https://www.fao.org/faostat/; https://www.fao.org/giews/food-prices/price-tool/en/,0.35,"Coarse starter estimate. Verify calories, prices, production and storage before product use."
291,カツ丼,Katsudon,Katsudon,grain,rice,rice bowl,丼,炊く,炊く,false,粒状/具入り,East Asia,Japan,"カツ, 卵",common_meal,"米,丼,日本",ご飯,米に揚げ物と卵をのせる料理,https://en.wikipedia.org/wiki/Katsudon,0.55,needs_review,very_high_global_crop; see FAOSTAT,medium,medium,medium,130,cooked,subjective_medium,low,mild,short_prepared,eat fresh or refrigerate cooked portions,regional,https://fdc.nal.usda.gov/; https://www.fao.org/faostat/; https://www.fao.org/giews/food-prices/price-tool/en/,0.35,"Coarse starter estimate. Verify calories, prices, production and storage before product use."
292,牛丼,Gyudon,Gyudon,grain,rice,rice bowl,丼,炊く,炊く,false,粒状/汁気,East Asia,Japan,"牛肉, 玉ねぎ",common_meal,"米,丼,日本",ご飯,牛肉煮を米にのせる料理,https://en.wikipedia.org/wiki/Gyudon,0.55,needs_review,very_high_global_crop; see FAOSTAT,medium,medium,medium,130,cooked,subjective_medium,low,mild,short_prepared,eat fresh or refrigerate cooked portions,regional,https://fdc.nal.usda.gov/; https://www.fao.org/faostat/; https://www.fao.org/giews/food-prices/price-tool/en/,0.35,"Coarse starter estimate. Verify calories, prices, production and storage before product use."
293,海鮮丼,Kaisendon,Kaisendon,grain,rice,rice bowl,丼,炊く,そのまま,false,粒状/具入り,East Asia,Japan,"魚介, 海苔",common_meal,"米,丼,日本,魚",寿司飯,魚介を米にのせる料理,https://en.wikipedia.org/wiki/Kaisendon,0.55,needs_review,very_high_global_crop; see FAOSTAT,medium,medium,medium,130,cooked,subjective_medium,low,mild,short_prepared,eat fresh or refrigerate cooked portions,regional,https://fdc.nal.usda.gov/; https://www.fao.org/faostat/; https://www.fao.org/giews/food-prices/price-tool/en/,0.35,"Coarse starter estimate. Verify calories, prices, production and storage before product use."
294,ドリア,Doria,Doria,grain,rice,rice gratin,焼き皿,炊く/ソース,焼く,false,クリーミー,East Asia/Europe,Japan,"ホワイトソース, チーズ",common_meal,"米,焼く,グラタン",リゾット,米をソースと焼く洋食,https://en.wikipedia.org/wiki/Doria,0.55,needs_review,very_high_global_crop; see FAOSTAT,medium,medium,medium,130,cooked,subjective_medium,low,"mild, toasty",short_prepared,eat fresh or refrigerate cooked portions,regional,https://fdc.nal.usda.gov/; https://www.fao.org/faostat/; https://www.fao.org/giews/food-prices/price-tool/en/,0.35,"Coarse starter estimate. Verify calories, prices, production and storage before product use."
295,オムライス,Omurice,Omurice,grain,rice,omelet rice,包み/粒状,炒める,炒める,false,柔らかい/ケチャップ,East Asia,Japan,"卵, ケチャップ",common_meal,"米,卵,日本",チャーハン,炒めた米を卵で包む料理,https://en.wikipedia.org/wiki/Omurice,0.55,needs_review,very_high_global_crop; see FAOSTAT,medium,medium,medium,130,cooked,subjective_medium,low,mild,short_prepared,eat fresh or refrigerate cooked portions,regional,https://fdc.nal.usda.gov/; https://www.fao.org/faostat/; https://www.fao.org/giews/food-prices/price-tool/en/,0.35,"Coarse starter estimate. Verify calories, prices, production and storage before product use."
296,カレーライス,Japanese curry rice,Kare raisu,grain,rice,rice with curry,粒状,炊く,炊く,false,ソース/粒状,East Asia,Japan,"カレー, 肉, 野菜",common_meal,"米,カレー,日本",ビリヤニ,米にカレーをかける料理,https://en.wikipedia.org/wiki/Japanese_curry_rice,0.55,needs_review,very_high_global_crop; see FAOSTAT,medium,medium,medium,130,cooked,subjective_medium,low,mild,short_prepared,eat fresh or refrigerate cooked portions,regional,https://fdc.nal.usda.gov/; https://www.fao.org/faostat/; https://www.fao.org/giews/food-prices/price-tool/en/,0.35,"Coarse starter estimate. Verify calories, prices, production and storage before product use."
297,ドライカレー,Dry curry,Dry curry,grain,rice,spiced fried rice,粒状,炒める,炒める,false,スパイス/粒状,East Asia,Japan,"肉, 野菜",common_meal,"米,カレー,炒める",カレーライス,カレー風味の炒め米料理,https://en.wikipedia.org/wiki/Dry_curry,0.55,needs_review,very_high_global_crop; see FAOSTAT,medium,medium,medium,260,fried prepared food estimate,subjective_medium,low,mild,medium,dry grain in airtight container,regional,https://fdc.nal.usda.gov/; https://www.fao.org/faostat/; https://www.fao.org/giews/food-prices/price-tool/en/,0.35,"Coarse starter estimate. Verify calories, prices, production and storage before product use."
298,タコライス,Taco rice,Taco rice,grain,rice,rice bowl,粒状,炊く,炊く,false,粒状/スパイス,East Asia,Japan,"ひき肉, 野菜, チーズ",common_meal,"米,沖縄,タコス",タコス,タコス具材を米にのせる料理,https://en.wikipedia.org/wiki/Taco_rice,0.55,needs_review,very_high_global_crop; see FAOSTAT,medium,medium,medium,130,cooked,subjective_medium,low,mild,short_prepared,eat fresh or refrigerate cooked portions,regional,https://fdc.nal.usda.gov/; https://www.fao.org/faostat/; https://www.fao.org/giews/food-prices/price-tool/en/,0.35,"Coarse starter estimate. Verify calories, prices, production and storage before product use."
299,バスマティ米,Basmati rice,Basmati,grain,rice,aromatic rice dish,粒状,精米,炊く,false,長粒/香り,South Asia,"India, Pakistan","カレー, 肉料理",primary_or_common,"米,長粒,香り,南アジア","ご飯,ビリヤニ",香りの強い長粒米を炊いた主食,https://en.wikipedia.org/wiki/Basmati_rice,0.55,needs_review,very_high_global_crop; see FAOSTAT,medium,medium,high,130,cooked,subjective_medium_high,low,mild,short_prepared,eat fresh or refrigerate cooked portions,high_regional,https://fdc.nal.usda.gov/; https://www.fao.org/faostat/; https://www.fao.org/giews/food-prices/price-tool/en/,0.35,"Coarse starter estimate. Verify calories, prices, production and storage before product use."
300,ジャスミンライス,Jasmine rice,Khao hom mali,grain,rice,aromatic rice dish,粒状,精米,炊く,false,長粒/香り,Southeast Asia,Thailand,"カレー, 炒め物",primary_staple,"米,香り,タイ",ご飯,香り米を炊いた東南アジアの主食,https://en.wikipedia.org/wiki/Jasmine_rice,0.55,needs_review,very_high_global_crop; see FAOSTAT,medium,medium,high,130,cooked,subjective_medium_high,low,mild,short_prepared,eat fresh or refrigerate cooked portions,high_regional,https://fdc.nal.usda.gov/; https://www.fao.org/faostat/; https://www.fao.org/giews/food-prices/price-tool/en/,0.35,"Coarse starter estimate. Verify calories, prices, production and storage before product use."
